review,date
3.4,2021/02/12 14:03
3.7,2021/02/10 10:36
4.5,2021/02/07 23:29
3.8,2021/02/07 21:47
4.5,2021/02/07 20:55
4.9,2021/02/07 01:33
4.5,2021/02/06 21:47
4.4,2021/02/05 00:09
4.0,2021/02/05 00:05
4.0,2021/02/03 15:22
4.0,2021/02/03 03:24
4.5,2021/02/02 15:11
3.0,2021/02/01 23:54
,2021/02/01 19:59
4.5,2021/02/01 01:49
4.5,2021/01/31 22:03
5.0,2021/01/29 16:41
4.5,2021/01/28 21:28
,2021/01/28 01:45
3.6,2021/01/26 18:13
4.5,2021/01/25 23:54
4.5,2021/01/25 18:11
,2021/01/25 13:19
3.8,2021/01/24 20:48
4.2,2021/01/24 11:29
4.0,2021/01/24 03:18
2.8,2021/01/23 23:59
5.0,2021/01/23 17:33
4.5,2021/01/23 09:40
4.3,2021/01/23 00:23
4.7,2021/01/22 14:30
3.9,2021/01/22 00:05
4.0,2021/01/21 23:34
5.0,2021/01/21 12:19
4.0,2021/01/21 03:04
4.5,2021/01/17 21:44
4.0,2021/01/17 21:10
4.0,2021/01/17 18:44
,2021/01/17 11:32
2.8,2021/01/16 23:23
4.1,2021/01/13 09:50
4.2,2021/01/13 05:01
3.8,2021/01/12 17:55
3.0,2021/01/12 14:00
4.2,2021/01/12 11:20
3.8,2021/01/12 11:01
4.7,2021/01/12 06:20
3.2,2021/01/11 03:40
4.0,2021/01/10 23:40
3.4,2021/01/10 06:05
,2021/01/08 22:05
5.0,2021/01/06 23:05
5.0,2021/01/06 16:33
,2021/01/05 17:30
3.6,2021/01/05 13:01
,2021/01/05 01:38
4.6,2021/01/05 00:49
3.8,2021/01/04 18:21
4.2,2021/01/03 23:58
4.3,2021/01/03 23:00
4.3,2021/01/03 14:55
5.0,2021/01/03 04:02
3.6,2021/01/03 02:26
3.0,2021/01/03 00:24
3.5,2021/01/03 00:14
3.4,2021/01/01 19:13
4.7,2020/12/31 21:29
5.0,2020/12/31 00:05
4.4,2020/12/30 14:36
4.0,2020/12/30 13:30
3.4,2020/12/29 18:45
4.2,2020/12/28 15:10
4.1,2020/12/27 11:50
,2020/12/26 00:55
3.5,2020/12/24 23:05
4.0,2020/12/23 05:07
,2020/12/22 17:56
4.0,2020/12/22 03:13
3.9,2020/12/18 18:47
4.0,2020/12/16 14:51
3.7,2020/12/13 14:49
4.5,2020/12/11 23:23
4.0,2020/12/10 20:57
3.7,2020/12/06 21:03
4.0,2020/12/06 15:25
4.0,2020/12/05 14:39
,2020/12/04 21:56
4.2,2020/12/04 19:24
4.5,2020/12/04 12:12
4.3,2020/12/04 08:58
4.5,2020/12/04 08:38
4.4,2020/12/02 22:52
4.4,2020/12/02 03:00
4.1,2020/12/01 11:02
3.9,2020/11/30 01:28
4.0,2020/11/28 23:45
4.2,2020/11/27 15:50
5.0,2020/11/27 15:48
4.2,2020/11/26 14:49
4.0,2020/11/26 14:25
3.4,2020/11/26 01:29
3.6,2020/11/25 21:50
4.0,2020/11/25 14:31
4.0,2020/11/25 04:29
5.0,2020/11/23 23:22
5.0,2020/11/23 23:19
4.9,2020/11/23 16:24
,2020/11/22 23:29
4.2,2020/11/22 20:45
4.3,2020/11/22 01:07
4.0,2020/11/21 23:51
,2020/11/21 21:59
3.3,2020/11/21 21:35
4.2,2020/11/21 17:54
4.5,2020/11/21 17:30
5.0,2020/11/21 01:57
4.1,2020/11/20 18:20
4.3,2020/11/19 22:24
4.0,2020/11/19 22:05
3.4,2020/11/16 06:35
4.2,2020/11/15 21:19
2.6,2020/11/15 18:32
4.5,2020/11/14 17:03
4.0,2020/11/13 16:56
4.0,2020/11/12 21:02
5.0,2020/11/11 20:03
3.7,2020/11/11 16:28
4.0,2020/11/11 13:46
4.0,2020/11/11 02:23
5.0,2020/11/10 23:11
4.5,2020/11/09 22:52
4.6,2020/11/09 08:19
4.7,2020/11/09 04:25
4.5,2020/11/08 14:42
3.1,2020/11/07 08:52
4.1,2020/11/06 11:34
5.0,2020/11/05 22:26
4.2,2020/11/05 19:23
,2020/11/04 18:54
5.0,2020/11/04 16:01
4.4,2020/11/03 13:56
4.0,2020/11/03 02:55
4.2,2020/11/01 08:22
4.5,2020/10/31 06:30
4.8,2020/10/29 01:27
4.7,2020/10/26 23:58
4.3,2020/10/26 00:26
4.1,2020/10/25 20:48
3.8,2020/10/24 18:03
3.9,2020/10/22 21:45
4.0,2020/10/19 15:44
,2020/10/19 11:17
4.4,2020/10/18 00:18
3.5,2020/10/17 22:10
4.5,2020/10/15 22:28
4.8,2020/10/15 18:36
4.4,2020/10/13 21:24
4.5,2020/10/13 01:07
5.0,2020/10/11 13:46
4.3,2020/10/09 15:01
4.5,2020/10/09 14:53
5.0,2020/10/08 22:42
4.2,2020/10/08 17:41
5.0,2020/10/08 12:56
4.2,2020/10/07 06:12
4.7,2020/10/07 00:15
3.3,2020/10/06 16:57
3.5,2020/10/05 00:48
4.0,2020/10/04 05:04
3.9,2020/10/03 20:56
5.0,2020/10/03 04:56
4.1,2020/10/01 22:27
4.4,2020/10/01 19:25
3.7,2020/10/01 11:20
4.5,2020/09/30 22:51
4.3,2020/09/30 17:08
4.0,2020/09/30 00:51
5.0,2020/09/29 18:41
5.0,2020/09/29 17:35
,2020/09/28 09:56
4.5,2020/09/27 17:09
,2020/09/27 00:04
4.2,2020/09/26 08:42
3.8,2020/09/26 01:31
3.8,2020/09/24 19:50
4.0,2020/09/24 17:39
4.2,2020/09/23 18:53
4.3,2020/09/23 04:11
3.5,2020/09/21 21:45
3.8,2020/09/21 18:20
4.5,2020/09/21 02:38
5.0,2020/09/20 23:35
3.6,2020/09/19 20:40
4.3,2020/09/19 19:43
4.7,2020/09/19 17:30
4.5,2020/09/19 14:34
4.4,2020/09/18 19:07
5.0,2020/09/17 22:34
4.1,2020/09/17 03:16
,2020/09/17 02:04
4.0,2020/09/16 20:51
4.7,2020/09/16 08:41
4.5,2020/09/15 17:31
4.0,2020/09/15 15:35
4.5,2020/09/14 03:06
4.3,2020/09/14 02:23
4.0,2020/09/13 14:01
4.1,2020/09/13 00:37
4.0,2020/09/10 21:29
4.0,2020/09/10 18:22
4.8,2020/09/09 23:03
4.5,2020/09/09 17:14
5.0,2020/09/08 08:56
4.1,2020/09/07 02:02
4.2,2020/09/06 18:13
3.9,2020/09/06 17:43
3.8,2020/09/06 16:50
3.0,2020/09/06 14:54
5.0,2020/09/06 02:07
3.5,2020/09/05 00:50
5.0,2020/09/05 00:26
4.5,2020/09/04 14:48
4.3,2020/09/03 02:56
,2020/09/02 10:08
4.4,2020/09/02 01:32
4.0,2020/09/01 04:53
3.8,2020/09/01 02:37
5.0,2020/08/31 21:18
4.5,2020/08/31 19:05
4.3,2020/08/31 13:53
4.0,2020/08/28 01:51
3.6,2020/08/27 17:02
5.0,2020/08/26 07:13
4.5,2020/08/26 05:34
4.2,2020/08/24 00:27
,2020/08/23 00:37
4.5,2020/08/22 17:41
3.7,2020/08/19 22:35
4.0,2020/08/19 22:13
3.8,2020/08/19 01:53
5.0,2020/08/18 23:55
5.0,2020/08/17 20:53
4.0,2020/08/16 17:33
3.5,2020/08/16 12:23
4.8,2020/08/15 23:03
5.0,2020/08/15 01:38
5.0,2020/08/13 10:26
3.8,2020/08/12 07:24
4.9,2020/08/11 16:11
4.0,2020/08/11 04:50
4.3,2020/08/11 00:22
4.9,2020/08/10 14:00
5.0,2020/08/10 11:23
4.5,2020/08/09 12:30
4.0,2020/08/08 11:55
3.8,2020/08/06 22:17
3.8,2020/08/06 13:58
3.9,2020/08/05 19:09
4.2,2020/08/05 12:01
4.2,2020/08/05 02:13
5.0,2020/08/04 11:17
4.0,2020/08/03 16:58
3.8,2020/08/02 18:22
4.5,2020/08/01 20:35
3.7,2020/07/31 23:44
4.0,2020/07/30 02:27
4.5,2020/07/29 00:58
4.4,2020/07/29 00:38
3.8,2020/07/28 17:48
4.5,2020/07/27 17:34
4.4,2020/07/27 02:14
5.0,2020/07/25 23:50
5.0,2020/07/25 22:36
4.2,2020/07/24 16:51
3.8,2020/07/24 11:33
4.1,2020/07/23 23:46
4.4,2020/07/22 23:53
4.4,2020/07/22 20:14
4.3,2020/07/22 01:34
4.7,2020/07/21 17:02
5.0,2020/07/21 01:56
4.5,2020/07/20 23:27
4.0,2020/07/20 00:37
5.0,2020/07/19 05:35
4.0,2020/07/18 01:31
3.8,2020/07/17 21:08
3.5,2020/07/17 15:41
4.0,2020/07/16 23:02
4.1,2020/07/16 14:36
3.8,2020/07/15 20:32
4.5,2020/07/15 15:03
4.0,2020/07/15 14:43
4.5,2020/07/14 23:41
4.0,2020/07/14 11:31
5.0,2020/07/13 23:44
5.0,2020/07/13 11:54
5.0,2020/07/12 22:53
5.0,2020/07/12 04:17
4.2,2020/07/12 02:21
5.0,2020/07/11 11:21
3.9,2020/07/11 11:16
4.0,2020/07/10 18:37
4.0,2020/07/09 18:15
3.9,2020/07/09 12:38
4.3,2020/07/08 21:10
4.3,2020/07/08 16:29
3.6,2020/07/07 17:21
4.0,2020/07/07 00:02
4.0,2020/07/06 01:41
4.2,2020/07/06 00:54
4.0,2020/07/05 13:49
4.2,2020/07/04 10:54
4.2,2020/07/03 12:39
3.7,2020/07/01 13:53
4.6,2020/06/30 00:53
4.7,2020/06/30 00:01
,2020/06/27 21:03
3.8,2020/06/27 19:26
4.2,2020/06/27 18:41
4.6,2020/06/26 05:23
4.7,2020/06/26 05:01
3.7,2020/06/25 21:56
4.1,2020/06/25 21:25
4.3,2020/06/25 18:31
,2020/06/24 23:44
4.2,2020/06/23 23:29
4.3,2020/06/23 17:53
4.2,2020/06/23 12:43
,2020/06/22 23:37
3.8,2020/06/22 20:10
4.2,2020/06/21 22:55
4.5,2020/06/21 13:57
5.0,2020/06/21 04:38
4.7,2020/06/20 22:54
3.2,2020/06/20 12:52
4.0,2020/06/20 01:34
4.7,2020/06/19 15:46
4.9,2020/06/19 15:27
4.5,2020/06/19 09:08
4.3,2020/06/19 02:39
4.2,2020/06/19 01:42
5.0,2020/06/18 21:26
3.8,2020/06/18 11:28
,2020/06/17 00:43
4.0,2020/06/16 23:57
4.2,2020/06/16 18:09
3.5,2020/06/16 14:58
4.0,2020/06/15 19:18
3.8,2020/06/15 12:57
4.6,2020/06/15 06:28
4.0,2020/06/14 19:10
3.5,2020/06/14 15:06
4.1,2020/06/14 14:31
4.0,2020/06/13 18:37
4.4,2020/06/13 01:13
3.2,2020/06/13 00:00
4.8,2020/06/12 22:09
3.8,2020/06/12 14:48
4.0,2020/06/12 13:34
,2020/06/12 00:57
3.8,2020/06/12 00:01
4.2,2020/06/10 20:55
,2020/06/10 20:54
4.3,2020/06/10 20:22
4.5,2020/06/09 23:38
4.1,2020/06/09 15:06
4.5,2020/06/09 00:54
3.7,2020/06/08 20:58
3.6,2020/06/07 10:41
3.7,2020/06/06 22:58
4.4,2020/06/06 20:39
4.2,2020/06/06 00:25
4.0,2020/06/05 17:09
2.3,2020/06/05 17:08
3.8,2020/06/05 12:43
3.9,2020/06/04 21:33
4.3,2020/06/04 00:31
4.2,2020/06/04 00:28
3.9,2020/06/03 16:46
3.9,2020/06/03 02:31
4.8,2020/06/02 21:28
4.0,2020/06/02 17:50
3.9,2020/06/01 18:53
4.3,2020/05/31 21:38
4.3,2020/05/31 15:21
4.2,2020/05/31 14:36
3.6,2020/05/31 12:10
3.7,2020/05/30 19:01
4.5,2020/05/30 01:21
4.6,2020/05/29 23:50
3.9,2020/05/29 14:56
4.0,2020/05/29 04:35
4.6,2020/05/29 03:07
5.0,2020/05/28 23:20
5.0,2020/05/28 03:21
4.5,2020/05/28 01:38
4.0,2020/05/26 17:39
4.3,2020/05/25 04:06
4.0,2020/05/24 11:47
,2020/05/24 10:45
4.0,2020/05/23 21:57
5.0,2020/05/23 21:25
,2020/05/23 20:23
,2020/05/23 03:13
5.0,2020/05/22 21:41
5.0,2020/05/22 12:21
4.7,2020/05/22 07:07
3.8,2020/05/22 02:51
4.3,2020/05/22 00:08
4.7,2020/05/21 23:47
5.0,2020/05/21 23:39
5.0,2020/05/21 23:38
4.1,2020/05/21 18:51
3.8,2020/05/21 15:55
4.0,2020/05/21 09:14
4.0,2020/05/21 08:46
3.8,2020/05/18 23:17
3.7,2020/05/18 19:43
4.8,2020/05/17 23:57
4.2,2020/05/17 22:28
4.9,2020/05/17 13:11
5.0,2020/05/17 12:44
4.4,2020/05/17 01:33
3.8,2020/05/17 00:21
4.5,2020/05/16 23:09
4.0,2020/05/16 22:16
4.5,2020/05/16 15:31
4.1,2020/05/16 12:01
4.4,2020/05/16 04:53
4.4,2020/05/14 22:16
4.5,2020/05/14 21:42
4.2,2020/05/14 18:10
4.5,2020/05/13 21:05
4.1,2020/05/13 15:00
4.3,2020/05/11 23:19
4.5,2020/05/11 22:43
3.9,2020/05/11 22:18
4.2,2020/05/11 15:33
4.0,2020/05/11 00:48
4.5,2020/05/10 00:26
4.3,2020/05/10 00:15
3.6,2020/05/09 22:42
4.8,2020/05/09 19:53
3.8,2020/05/09 17:34
4.1,2020/05/09 13:15
4.3,2020/05/09 04:14
5.0,2020/05/09 02:49
4.2,2020/05/08 22:41
3.9,2020/05/08 21:40
5.0,2020/05/08 11:59
4.2,2020/05/08 01:43
4.4,2020/05/07 22:42
4.1,2020/05/07 14:22
4.0,2020/05/06 23:32
4.0,2020/05/06 22:33
5.0,2020/05/06 22:19
4.4,2020/05/06 21:39
4.2,2020/05/06 17:58
4.7,2020/05/05 23:38
3.7,2020/05/05 01:42
5.0,2020/05/04 21:42
5.0,2020/05/04 21:06
4.4,2020/05/04 17:38
4.5,2020/05/04 15:42
4.5,2020/05/03 23:17
4.3,2020/05/03 22:04
4.0,2020/05/03 19:38
4.2,2020/05/03 13:50
3.7,2020/05/03 12:37
2.8,2020/05/03 09:19
4.5,2020/05/02 03:02
3.9,2020/05/02 00:09
4.0,2020/05/01 23:36
4.5,2020/05/01 21:37
4.6,2020/05/01 11:38
4.0,2020/05/01 07:25
4.0,2020/05/01 00:08
3.6,2020/04/30 22:05
4.3,2020/04/29 20:10
4.5,2020/04/29 09:48
4.7,2020/04/28 21:24
4.1,2020/04/28 16:57
4.0,2020/04/28 13:55
4.9,2020/04/28 07:33
4.3,2020/04/27 00:53
3.7,2020/04/26 11:27
3.9,2020/04/26 10:51
4.9,2020/04/26 03:45
4.0,2020/04/25 23:52
4.9,2020/04/25 14:11
4.1,2020/04/24 14:51
4.0,2020/04/24 08:22
4.1,2020/04/23 23:42
3.8,2020/04/23 21:36
4.4,2020/04/23 00:12
4.3,2020/04/22 09:51
4.3,2020/04/21 20:17
3.8,2020/04/20 21:16
5.0,2020/04/20 13:27
5.0,2020/04/19 23:21
4.2,2020/04/19 11:42
4.1,2020/04/19 03:26
4.0,2020/04/18 19:45
3.6,2020/04/18 18:46
5.0,2020/04/18 15:18
4.3,2020/04/18 00:43
4.9,2020/04/17 19:37
4.8,2020/04/17 17:36
4.8,2020/04/16 19:43
4.2,2020/04/15 22:12
4.3,2020/04/15 21:51
4.5,2020/04/15 16:57
4.2,2020/04/15 13:06
5.0,2020/04/13 22:42
4.5,2020/04/13 18:36
3.6,2020/04/13 15:14
4.0,2020/04/12 12:14
3.9,2020/04/11 21:34
3.6,2020/04/11 11:43
4.3,2020/04/10 00:00
4.0,2020/04/09 23:03
4.2,2020/04/09 22:07
4.5,2020/04/09 13:24
4.1,2020/04/09 11:13
4.5,2020/04/09 10:05
4.5,2020/04/08 21:52
4.0,2020/04/08 19:38
3.5,2020/04/08 11:18
3.5,2020/04/07 14:24
4.3,2020/04/07 02:17
5.0,2020/04/06 19:19
4.5,2020/04/05 22:50
5.0,2020/04/05 21:16
3.7,2020/04/05 17:36
4.0,2020/04/05 00:30
4.8,2020/04/03 15:46
5.0,2020/04/01 21:41
4.3,2020/03/29 10:54
4.5,2020/03/29 00:11
4.0,2020/03/28 23:56
4.1,2020/03/27 14:14
4.2,2020/03/27 11:10
4.2,2020/03/26 03:53
3.8,2020/03/25 22:26
4.3,2020/03/25 21:38
3.9,2020/03/25 21:09
4.4,2020/03/25 11:28
4.2,2020/03/25 08:58
4.0,2020/03/24 17:51
3.0,2020/03/23 23:11
3.5,2020/03/23 16:31
4.5,2020/03/22 20:27
4.1,2020/03/22 01:04
3.5,2020/03/21 21:54
4.0,2020/03/21 21:23
4.7,2020/03/20 11:13
3.8,2020/03/20 01:22
3.7,2020/03/19 03:10
5.0,2020/03/19 02:06
4.5,2020/03/18 00:22
,2020/03/17 17:03
3.8,2020/03/16 23:26
4.8,2020/03/16 18:37
4.5,2020/03/16 14:50
4.5,2020/03/16 12:59
4.5,2020/03/14 19:22
5.0,2020/03/12 14:08
5.0,2020/03/11 02:02
4.0,2020/03/10 23:58
4.6,2020/03/09 17:46
3.8,2020/03/08 22:24
4.0,2020/03/08 18:30
4.3,2020/03/08 11:33
4.2,2020/03/07 15:40
4.9,2020/03/07 13:44
3.5,2020/03/07 04:13
4.7,2020/03/07 00:38
4.7,2020/03/06 15:46
4.4,2020/03/06 03:18
4.5,2020/03/06 01:28
4.0,2020/03/05 05:35
,2020/03/02 14:51
4.8,2020/03/02 02:15
4.5,2020/03/02 01:04
3.9,2020/03/01 13:36
4.6,2020/03/01 09:08
4.2,2020/03/01 03:08
3.5,2020/02/29 20:58
4.5,2020/02/29 16:23
3.0,2020/02/29 10:44
3.8,2020/02/28 18:56
3.7,2020/02/27 15:32
4.1,2020/02/27 00:34
3.9,2020/02/26 11:48
4.6,2020/02/24 01:43
3.7,2020/02/24 01:05
4.6,2020/02/23 22:14
3.7,2020/02/23 19:08
4.0,2020/02/23 10:32
3.9,2020/02/23 03:32
4.5,2020/02/21 19:43
4.0,2020/02/21 13:35
3.6,2020/02/19 23:25
3.0,2020/02/18 20:42
4.1,2020/02/18 16:45
4.0,2020/02/18 09:51
3.0,2020/02/17 00:13
4.6,2020/02/16 23:49
4.0,2020/02/16 22:50
4.1,2020/02/15 16:19
4.0,2020/02/15 12:10
3.7,2020/02/14 23:44
5.0,2020/02/14 03:24
4.0,2020/02/12 14:43
4.5,2020/02/11 23:06
3.9,2020/02/11 18:40
3.5,2020/02/11 18:06
4.0,2020/02/10 16:03
4.5,2020/02/10 15:30
4.2,2020/02/10 00:12
5.0,2020/02/09 01:27
4.5,2020/02/08 21:02
4.6,2020/02/07 16:06
5.0,2020/02/07 04:11
4.5,2020/02/05 14:38
4.4,2020/02/05 02:27
3.8,2020/02/05 00:40
5.0,2020/02/04 19:12
5.0,2020/02/04 01:19
4.5,2020/02/04 00:08
3.8,2020/02/02 17:43
3.5,2020/02/02 17:05
4.2,2020/02/01 15:13
3.6,2020/01/31 18:42
4.2,2020/01/30 23:24
3.9,2020/01/29 12:12
4.0,2020/01/29 12:04
4.4,2020/01/29 05:04
3.5,2020/01/28 19:40
4.0,2020/01/28 19:31
4.5,2020/01/27 23:01
4.8,2020/01/26 23:09
4.0,2020/01/26 10:57
5.0,2020/01/24 22:45
4.5,2020/01/21 15:40
5.0,2020/01/19 12:55
,2020/01/17 01:17
5.0,2020/01/16 21:52
4.0,2020/01/13 18:43
3.5,2020/01/11 11:46
4.2,2020/01/10 22:03
4.0,2020/01/10 08:52
5.0,2020/01/08 23:42
4.5,2020/01/07 22:32
3.9,2020/01/06 01:33
3.6,2020/01/04 16:13
5.0,2020/01/04 15:17
4.8,2020/01/04 00:56
5.0,2020/01/03 21:20
4.2,2020/01/02 18:20
4.9,2019/12/31 23:23
4.0,2019/12/31 17:27
,2019/12/31 00:55
4.3,2019/12/30 00:22
4.0,2019/12/28 01:06
4.0,2019/12/27 04:11
4.5,2019/12/26 03:32
4.1,2019/12/24 21:06
4.5,2019/12/24 01:08
4.4,2019/12/23 07:02
5.0,2019/12/22 23:24
4.5,2019/12/22 12:09
4.6,2019/12/21 14:21
5.0,2019/12/20 22:25
,2019/12/19 19:41
3.5,2019/12/19 13:40
4.0,2019/12/17 20:13
3.5,2019/12/16 12:22
4.1,2019/12/14 23:48
,2019/12/14 14:43
4.7,2019/12/12 21:47
3.5,2019/12/12 01:31
4.7,2019/12/12 01:23
3.0,2019/12/11 21:37
4.0,2019/12/10 21:15
,2019/12/10 19:08
5.0,2019/12/09 16:33
3.7,2019/12/06 17:08
4.4,2019/12/03 22:39
3.9,2019/12/02 08:46
4.7,2019/12/01 16:08
4.5,2019/12/01 12:57
4.3,2019/12/01 10:23
4.5,2019/11/30 14:03
3.3,2019/11/29 15:49
4.1,2019/11/29 12:38
4.4,2019/11/28 13:21
4.1,2019/11/28 12:49
4.0,2019/11/28 01:43
4.8,2019/11/26 20:31
4.5,2019/11/25 19:11
4.8,2019/11/25 19:05
4.3,2019/11/24 18:59
4.0,2019/11/24 18:56
4.0,2019/11/23 10:34
4.5,2019/11/22 06:26
4.8,2019/11/22 03:14
4.3,2019/11/20 00:03
3.7,2019/11/19 18:13
3.9,2019/11/18 19:57
3.9,2019/11/18 11:26
,2019/11/17 17:05
3.9,2019/11/15 02:46
4.5,2019/11/14 21:10
4.0,2019/11/14 20:50
4.0,2019/11/14 11:34
5.0,2019/11/13 23:55
3.2,2019/11/13 22:14
4.5,2019/11/12 05:15
4.0,2019/11/11 15:18
4.7,2019/11/10 22:30
4.7,2019/11/10 14:20
4.2,2019/11/10 13:46
4.8,2019/11/09 23:37
3.9,2019/11/09 17:19
3.7,2019/11/09 00:23
3.5,2019/11/03 19:39
,2019/11/03 02:18
4.0,2019/11/02 19:28
3.8,2019/11/01 00:29
4.3,2019/10/30 19:14
4.0,2019/10/29 13:20
,2019/10/28 16:20
3.1,2019/10/28 09:39
3.8,2019/10/28 00:01
4.2,2019/10/27 23:49
4.5,2019/10/27 01:40
4.9,2019/10/26 22:31
5.0,2019/10/26 07:47
3.6,2019/10/26 05:30
5.0,2019/10/26 01:21
4.0,2019/10/25 03:04
4.0,2019/10/24 21:05
3.9,2019/10/24 13:33
3.0,2019/10/24 01:09
4.5,2019/10/22 16:52
4.0,2019/10/22 12:02
3.5,2019/10/22 01:52
5.0,2019/10/22 01:08
4.0,2019/10/21 03:46
5.0,2019/10/20 03:59
3.9,2019/10/19 17:15
3.8,2019/10/18 12:45
4.0,2019/10/18 11:10
4.4,2019/10/17 14:43
5.0,2019/10/17 00:15
5.0,2019/10/15 23:20
5.0,2019/10/15 02:07
5.0,2019/10/14 23:25
,2019/10/14 20:21
3.5,2019/10/14 03:46
3.5,2019/10/12 11:03
,2019/10/12 10:22
4.0,2019/10/12 09:26
4.0,2019/10/11 23:17
,2019/10/10 22:38
4.2,2019/10/09 21:55
3.3,2019/10/09 02:07
4.3,2019/10/09 00:05
4.0,2019/10/07 08:13
4.8,2019/10/06 05:01
3.8,2019/10/05 23:36
5.0,2019/10/05 18:44
4.1,2019/10/05 13:32
4.5,2019/10/04 02:44
4.0,2019/10/03 18:40
5.0,2019/10/02 20:31
4.0,2019/10/01 21:10
4.1,2019/09/30 23:53
4.3,2019/09/30 19:29
,2019/09/30 17:56
4.0,2019/09/29 18:23
3.9,2019/09/28 15:26
4.0,2019/09/26 16:23
4.4,2019/09/26 01:50
3.7,2019/09/23 23:04
3.6,2019/09/23 22:57
4.1,2019/09/23 17:46
4.0,2019/09/23 13:51
3.8,2019/09/22 23:47
4.1,2019/09/22 14:09
4.1,2019/09/22 09:57
4.2,2019/09/22 01:07
4.5,2019/09/21 22:07
4.5,2019/09/20 17:03
4.8,2019/09/19 23:04
2.6,2019/09/19 08:18
4.2,2019/09/18 05:07
4.0,2019/09/18 00:53
4.4,2019/09/16 19:22
4.0,2019/09/15 23:58
4.2,2019/09/15 12:03
3.9,2019/09/14 21:49
4.0,2019/09/12 22:19
4.0,2019/09/11 14:51
4.0,2019/09/10 22:21
4.0,2019/09/10 20:16
3.4,2019/09/09 21:43
3.7,2019/09/09 20:00
4.5,2019/09/08 21:48
3.6,2019/09/08 12:32
4.2,2019/09/05 22:57
4.7,2019/09/04 04:19
3.8,2019/09/03 16:43
5.0,2019/09/03 14:03
4.9,2019/09/03 00:55
3.5,2019/09/02 22:58
3.8,2019/09/02 21:50
4.1,2019/09/02 18:15
4.9,2019/09/02 03:56
4.6,2019/09/01 22:10
5.0,2019/09/01 17:41
3.7,2019/09/01 09:09
4.2,2019/08/30 18:34
3.0,2019/08/29 22:21
4.5,2019/08/28 21:55
4.0,2019/08/28 00:09
5.0,2019/08/27 22:59
3.8,2019/08/27 18:35
3.7,2019/08/27 16:11
5.0,2019/08/26 23:24
4.8,2019/08/25 03:39
3.5,2019/08/25 02:48
4.6,2019/08/24 16:30
5.0,2019/08/23 22:28
3.9,2019/08/21 09:33
4.2,2019/08/21 02:41
3.7,2019/08/19 18:05
4.3,2019/08/18 17:46
3.5,2019/08/18 05:12
4.8,2019/08/18 01:07
3.7,2019/08/17 12:24
4.3,2019/08/17 01:57
4.1,2019/08/16 18:52
3.8,2019/08/16 14:31
4.5,2019/08/16 14:07
5.0,2019/08/15 20:03
3.0,2019/08/15 18:38
4.3,2019/08/15 01:32
4.2,2019/08/15 00:47
5.0,2019/08/14 23:57
4.0,2019/08/14 23:10
4.0,2019/08/14 21:35
4.1,2019/08/14 15:46
3.0,2019/08/14 07:49
3.9,2019/08/13 07:38
4.0,2019/08/13 06:09
3.8,2019/08/13 00:24
3.0,2019/08/12 18:23
4.0,2019/08/11 16:02
5.0,2019/08/10 17:43
4.0,2019/08/10 10:58
3.9,2019/08/09 07:07
5.0,2019/08/07 22:25
3.3,2019/08/07 00:34
4.0,2019/08/06 22:12
4.5,2019/08/06 08:34
5.0,2019/08/05 22:36
4.5,2019/08/04 23:20
3.8,2019/08/04 16:24
4.0,2019/08/04 12:11
4.2,2019/08/04 02:41
5.0,2019/08/03 20:46
4.5,2019/08/01 22:42
2.8,2019/07/31 22:22
3.7,2019/07/31 20:46
5.0,2019/07/31 13:40
4.5,2019/07/30 21:21
3.0,2019/07/30 21:21
4.5,2019/07/29 21:01
3.8,2019/07/29 12:45
4.6,2019/07/29 04:59
3.9,2019/07/28 14:06
3.5,2019/07/28 09:49
,2019/07/27 23:44
4.7,2019/07/27 22:57
5.0,2019/07/26 23:34
4.1,2019/07/26 01:45
5.0,2019/07/25 22:29
4.3,2019/07/25 15:45
4.3,2019/07/22 23:41
3.7,2019/07/21 22:01
5.0,2019/07/21 04:23
4.3,2019/07/19 20:38
4.0,2019/07/19 13:27
5.0,2019/07/17 20:47
4.0,2019/07/17 20:08
4.5,2019/07/16 19:57
4.0,2019/07/15 15:08
4.2,2019/07/14 18:25
4.7,2019/07/14 16:17
4.4,2019/07/14 14:22
4.5,2019/07/13 22:26
4.5,2019/07/13 18:46
,2019/07/11 22:03
4.4,2019/07/10 22:18
4.1,2019/07/09 23:30
4.0,2019/07/09 19:09
4.4,2019/07/09 11:23
4.3,2019/07/06 23:59
3.9,2019/07/06 23:12
4.0,2019/07/06 07:43
3.9,2019/07/04 20:47
5.0,2019/07/03 12:38
3.9,2019/07/02 08:09
3.9,2019/06/30 16:08
4.6,2019/06/30 00:30
4.5,2019/06/29 18:55
3.8,2019/06/28 21:44
5.0,2019/06/27 22:55
4.1,2019/06/27 18:04
4.8,2019/06/27 01:06
4.1,2019/06/25 22:31
4.5,2019/06/25 12:55
4.5,2019/06/25 10:57
4.4,2019/06/25 02:27
4.6,2019/06/24 22:33
3.9,2019/06/24 21:40
4.0,2019/06/23 22:48
4.1,2019/06/22 21:12
4.5,2019/06/22 19:47
4.0,2019/06/22 13:35
4.5,2019/06/22 00:13
3.0,2019/06/21 12:28
4.2,2019/06/20 23:55
5.0,2019/06/20 23:21
4.5,2019/06/20 16:10
4.0,2019/06/20 08:01
3.9,2019/06/20 00:27
4.4,2019/06/18 13:59
4.3,2019/06/18 13:32
4.6,2019/06/17 23:50
4.0,2019/06/16 12:32
3.3,2019/06/10 18:40
3.9,2019/06/10 14:17
4.6,2019/06/08 18:52
4.0,2019/06/06 19:27
4.8,2019/06/05 23:13
4.2,2019/06/05 13:17
4.4,2019/06/04 00:41
5.0,2019/06/04 00:19
3.7,2019/06/03 22:34
4.5,2019/06/03 21:01
3.5,2019/06/03 03:45
4.6,2019/06/02 23:21
4.3,2019/06/01 18:21
4.2,2019/05/31 15:07
3.6,2019/05/31 10:34
,2019/05/27 11:23
3.9,2019/05/27 00:30
3.5,2019/05/26 19:04
4.0,2019/05/26 14:15
4.0,2019/05/26 09:11
4.2,2019/05/25 13:44
3.7,2019/05/24 02:12
4.8,2019/05/23 22:59
3.8,2019/05/23 22:32
4.6,2019/05/23 02:16
3.9,2019/05/21 19:56
4.0,2019/05/21 18:25
1.0,2019/05/18 20:34
4.0,2019/05/17 13:45
4.3,2019/05/16 18:53
3.0,2019/05/16 03:45
4.1,2019/05/15 19:42
4.0,2019/05/15 19:15
4.0,2019/05/14 22:39
4.4,2019/05/14 12:45
2.8,2019/05/13 18:27
4.0,2019/05/12 19:49
4.4,2019/05/11 17:44
4.0,2019/05/11 16:43
4.7,2019/05/11 12:36
5.0,2019/05/11 04:45
3.7,2019/05/11 02:43
4.9,2019/05/11 02:24
,2019/05/07 00:04
4.2,2019/05/06 20:45
5.0,2019/05/06 15:33
5.0,2019/05/06 01:49
5.0,2019/05/05 22:02
4.5,2019/05/05 19:29
4.0,2019/05/05 16:44
3.9,2019/05/04 18:41
3.4,2019/05/04 12:20
5.0,2019/05/03 22:21
4.0,2019/05/03 17:14
4.0,2019/05/03 07:36
4.6,2019/05/03 00:11
5.0,2019/05/02 16:17
,2019/05/02 16:01
4.6,2019/05/02 12:32
4.5,2019/05/01 19:46
4.8,2019/04/30 23:18
4.0,2019/04/30 17:57
4.7,2019/04/30 16:34
4.5,2019/04/30 15:45
4.5,2019/04/30 02:24
,2019/04/30 01:15
3.9,2019/04/29 07:40
4.2,2019/04/25 12:14
4.1,2019/04/24 08:39
4.5,2019/04/24 06:29
4.0,2019/04/23 20:49
4.5,2019/04/23 08:25
5.0,2019/04/21 09:44
4.2,2019/04/19 23:31
4.4,2019/04/18 12:10
3.5,2019/04/16 09:54
5.0,2019/04/16 08:42
4.4,2019/04/14 21:56
,2019/04/14 01:18
3.9,2019/04/14 00:46
4.3,2019/04/13 18:42
4.5,2019/04/13 00:50
4.5,2019/04/11 15:10
4.3,2019/04/11 14:19
4.5,2019/04/11 13:02
3.4,2019/04/10 22:21
3.0,2019/04/09 08:13
4.6,2019/04/08 15:45
3.8,2019/04/07 14:30
,2019/04/07 10:36
4.5,2019/04/05 16:25
5.0,2019/04/05 13:17
4.5,2019/04/04 13:20
3.8,2019/04/02 21:42
,2019/03/31 20:58
4.0,2019/03/30 22:11
4.5,2019/03/30 18:51
4.1,2019/03/27 22:34
2.5,2019/03/25 23:01
4.5,2019/03/25 12:53
,2019/03/25 08:53
4.5,2019/03/23 19:28
4.4,2019/03/22 17:36
4.1,2019/03/22 03:32
5.0,2019/03/16 21:23
3.5,2019/03/16 14:04
4.5,2019/03/15 23:28
4.0,2019/03/15 01:53
3.9,2019/03/14 00:32
4.8,2019/03/10 21:48
4.0,2019/03/10 11:47
3.0,2019/03/10 01:34
5.0,2019/03/09 23:58
5.0,2019/03/09 23:53
4.0,2019/03/09 18:11
3.8,2019/03/08 14:26
4.0,2019/03/07 13:28
4.5,2019/03/03 22:24
4.3,2019/03/02 23:29
4.0,2019/03/02 19:06
3.9,2019/03/01 16:29
4.0,2019/02/28 18:56
5.0,2019/02/28 12:48
3.4,2019/02/28 08:14
4.5,2019/02/27 14:00
4.0,2019/02/26 00:29
4.2,2019/02/24 13:06
5.0,2019/02/23 14:37
4.3,2019/02/23 11:22
4.6,2019/02/22 01:35
3.5,2019/02/21 14:19
4.4,2019/02/21 02:59
4.2,2019/02/19 23:38
4.1,2019/02/16 18:48
3.8,2019/02/16 18:09
3.8,2019/02/16 00:35
4.2,2019/02/14 16:41
4.2,2019/02/14 13:09
4.7,2019/02/14 01:01
,2019/02/13 23:42
4.7,2019/02/12 22:47
3.9,2019/02/12 16:47
5.0,2019/02/11 00:09
3.9,2019/02/10 23:59
4.5,2019/02/10 17:39
4.5,2019/02/10 16:48
4.5,2019/02/10 16:46
3.8,2019/02/10 14:31
4.6,2019/02/09 22:44
5.0,2019/02/09 13:13
4.2,2019/02/09 02:24
4.0,2019/02/09 00:12
4.1,2019/02/08 20:21
4.0,2019/02/07 02:15
,2019/02/06 21:53
4.0,2019/02/05 19:12
4.8,2019/02/04 13:17
5.0,2019/02/04 03:53
4.5,2019/02/04 01:35
3.9,2019/02/03 22:56
5.0,2019/02/02 19:55
4.3,2019/02/02 16:13
4.3,2019/02/02 03:11
4.1,2019/02/01 23:17
4.7,2019/02/01 01:32
4.5,2019/01/31 23:45
5.0,2019/01/31 23:09
5.0,2019/01/31 17:34
4.0,2019/01/30 17:26
4.8,2019/01/30 12:00
5.0,2019/01/30 00:02
4.3,2019/01/29 13:38
4.5,2019/01/29 11:18
4.0,2019/01/28 21:27
4.0,2019/01/28 19:22
2.0,2019/01/28 13:04
3.4,2019/01/27 21:48
5.0,2019/01/27 20:49
4.0,2019/01/27 17:49
5.0,2019/01/27 14:41
4.5,2019/01/27 13:08
3.7,2019/01/27 06:40
5.0,2019/01/27 02:28
4.2,2019/01/27 00:14
4.0,2019/01/26 15:30
3.7,2019/01/25 14:11
4.2,2019/01/24 09:35
4.0,2019/01/23 23:54
4.1,2019/01/23 16:49
4.4,2019/01/22 03:06
4.5,2019/01/22 01:24
4.5,2019/01/21 01:59
4.0,2019/01/21 00:44
4.5,2019/01/20 17:57
4.2,2019/01/20 11:44
4.0,2019/01/20 04:01
4.5,2019/01/18 23:58
3.8,2019/01/18 23:45
3.9,2019/01/18 23:17
3.8,2019/01/18 22:32
3.9,2019/01/18 17:55
4.0,2019/01/17 23:31
4.0,2019/01/17 10:53
5.0,2019/01/16 17:03
3.8,2019/01/16 10:38
4.4,2019/01/16 00:34
4.3,2019/01/13 14:40
4.4,2019/01/13 04:06
4.2,2019/01/13 00:09
4.2,2019/01/12 09:37
3.8,2019/01/12 01:47
4.0,2019/01/11 00:43
4.5,2019/01/10 23:32
4.1,2019/01/10 15:39
4.5,2019/01/09 22:48
4.1,2019/01/09 02:03
3.7,2019/01/08 21:31
5.0,2019/01/07 07:45
2.5,2019/01/06 16:11
4.9,2019/01/05 23:51
4.2,2019/01/05 19:59
4.5,2019/01/05 01:28
4.4,2019/01/05 00:38
4.3,2019/01/04 21:21
4.0,2019/01/04 17:48
4.0,2019/01/03 22:34
3.9,2019/01/03 10:58
4.0,2019/01/03 01:41
3.8,2019/01/02 20:46
4.0,2019/01/01 13:36
3.6,2018/12/31 18:29
4.1,2018/12/31 15:15
2.0,2018/12/31 11:12
4.0,2018/12/29 18:36
4.1,2018/12/29 16:15
4.0,2018/12/29 01:39
3.5,2018/12/28 21:08
4.5,2018/12/28 01:40
,2018/12/27 11:27
,2018/12/26 06:04
4.0,2018/12/26 00:00
4.8,2018/12/25 19:15
5.0,2018/12/25 14:05
5.0,2018/12/24 21:51
3.7,2018/12/24 07:45
4.5,2018/12/23 22:50
4.3,2018/12/23 18:28
4.5,2018/12/23 15:40
,2018/12/22 21:27
4.4,2018/12/22 13:47
4.4,2018/12/22 13:42
4.6,2018/12/21 21:06
3.8,2018/12/21 11:02
4.0,2018/12/20 15:52
3.7,2018/12/18 18:46
3.8,2018/12/17 19:58
4.4,2018/12/16 22:12
5.0,2018/12/15 03:37
4.5,2018/12/14 14:44
4.0,2018/12/13 19:17
,2018/12/11 23:51
3.7,2018/12/11 17:18
4.8,2018/12/11 16:44
4.5,2018/12/10 08:41
4.2,2018/12/09 17:16
3.2,2018/12/09 15:59
3.2,2018/12/08 17:26
4.0,2018/12/07 14:08
4.5,2018/12/07 11:12
3.5,2018/12/07 01:38
,2018/12/06 18:43
4.4,2018/12/05 17:17
,2018/12/05 04:29
5.0,2018/12/04 03:03
3.6,2018/12/03 18:52
3.8,2018/12/03 04:22
5.0,2018/12/02 22:38
4.5,2018/12/01 19:14
4.0,2018/12/01 16:38
4.0,2018/11/30 01:07
4.0,2018/11/28 01:09
4.5,2018/11/27 16:09
4.0,2018/11/27 13:58
3.7,2018/11/25 20:01
4.0,2018/11/24 18:51
3.2,2018/11/24 17:24
,2018/11/23 22:58
4.2,2018/11/22 15:37
4.0,2018/11/21 23:13
4.5,2018/11/21 07:24
3.9,2018/11/18 15:46
4.0,2018/11/18 15:26
3.5,2018/11/18 08:34
4.5,2018/11/17 22:59
4.0,2018/11/17 11:43
4.5,2018/11/16 23:35
4.0,2018/11/16 11:03
4.5,2018/11/15 20:55
5.0,2018/11/15 15:27
4.8,2018/11/14 22:35
4.0,2018/11/14 21:49
4.4,2018/11/14 21:40
,2018/11/14 14:25
3.5,2018/11/11 18:18
4.1,2018/11/11 06:27
4.2,2018/11/10 20:35
4.5,2018/11/09 21:00
4.0,2018/11/09 18:03
4.2,2018/11/08 01:30
4.0,2018/11/07 23:06
4.0,2018/11/06 16:20
4.0,2018/11/06 01:36
4.7,2018/11/06 00:52
3.9,2018/11/04 23:55
4.0,2018/11/04 21:07
3.7,2018/11/04 17:29
4.5,2018/11/04 14:30
,2018/10/31 23:32
4.0,2018/10/31 08:40
4.0,2018/10/31 00:20
4.2,2018/10/31 00:14
4.0,2018/10/30 20:23
3.9,2018/10/30 08:03
4.3,2018/10/28 14:32
5.0,2018/10/27 17:04
3.0,2018/10/27 11:38
3.5,2018/10/27 09:35
5.0,2018/10/27 00:27
4.2,2018/10/25 23:49
4.1,2018/10/25 19:22
4.3,2018/10/25 17:57
4.8,2018/10/25 14:41
4.3,2018/10/24 02:45
4.5,2018/10/23 20:37
3.9,2018/10/23 09:38
4.8,2018/10/22 00:34
4.5,2018/10/21 13:55
4.7,2018/10/19 10:23
4.0,2018/10/17 18:15
4.3,2018/10/16 21:52
4.3,2018/10/14 21:51
4.0,2018/10/14 00:28
4.1,2018/10/13 00:02
4.6,2018/10/11 21:47
5.0,2018/10/11 17:59
3.8,2018/10/09 13:05
3.5,2018/10/09 02:43
4.5,2018/10/09 00:44
3.2,2018/10/07 14:17
5.0,2018/10/07 02:31
3.0,2018/10/05 15:33
4.5,2018/10/04 22:41
,2018/10/04 19:48
4.1,2018/10/04 08:20
4.2,2018/10/03 15:37
,2018/10/03 00:16
4.0,2018/10/02 23:45
4.0,2018/10/02 23:03
3.7,2018/10/02 22:57
3.8,2018/10/01 12:38
,2018/09/30 17:18
3.8,2018/09/28 21:13
4.5,2018/09/27 19:34
4.2,2018/09/25 21:21
3.7,2018/09/25 13:56
4.7,2018/09/24 02:18
4.3,2018/09/24 00:18
2.0,2018/09/23 21:14
4.5,2018/09/23 18:42
3.9,2018/09/23 16:20
5.0,2018/09/22 19:37
4.5,2018/09/21 01:27
4.2,2018/09/20 13:13
4.0,2018/09/20 02:03
4.6,2018/09/18 23:50
4.3,2018/09/16 22:00
3.9,2018/09/16 18:55
3.8,2018/09/16 02:45
,2018/09/14 23:50
4.5,2018/09/14 03:42
3.5,2018/09/12 21:27
4.7,2018/09/12 15:09
5.0,2018/09/11 19:20
3.9,2018/09/11 07:24
2.5,2018/09/09 13:07
4.5,2018/09/08 18:23
4.1,2018/09/08 17:21
4.0,2018/09/08 17:06
4.3,2018/09/08 07:25
4.1,2018/09/08 00:47
3.5,2018/09/07 05:18
4.2,2018/09/05 07:09
4.2,2018/09/04 21:04
4.6,2018/09/04 19:34
5.0,2018/09/03 16:15
,2018/09/03 16:03
5.0,2018/09/01 11:03
4.7,2018/08/30 07:16
5.0,2018/08/28 23:04
4.5,2018/08/28 16:44
4.0,2018/08/27 09:20
5.0,2018/08/27 00:57
3.7,2018/08/27 00:13
4.5,2018/08/26 22:43
,2018/08/26 16:34
3.6,2018/08/26 13:46
4.2,2018/08/26 12:59
3.5,2018/08/26 11:04
4.0,2018/08/24 23:21
4.0,2018/08/24 00:46
4.1,2018/08/23 00:05
5.0,2018/08/22 20:54
5.0,2018/08/22 13:37
4.0,2018/08/21 17:26
,2018/08/21 14:41
5.0,2018/08/21 08:27
4.0,2018/08/21 08:17
4.0,2018/08/20 07:12
4.5,2018/08/20 02:39
4.0,2018/08/19 23:23
4.3,2018/08/19 19:32
4.5,2018/08/18 21:45
5.0,2018/08/18 01:34
,2018/08/17 20:10
4.7,2018/08/17 18:11
3.8,2018/08/16 11:43
4.4,2018/08/15 13:03
1.0,2018/08/15 02:55
3.4,2018/08/13 21:31
4.0,2018/08/13 20:09
4.1,2018/08/12 20:11
4.5,2018/08/12 10:57
4.2,2018/08/12 10:51
4.6,2018/08/11 22:09
5.0,2018/08/11 13:15
4.3,2018/08/11 12:47
4.8,2018/08/09 22:21
3.3,2018/08/09 15:27
3.8,2018/08/09 12:30
4.3,2018/08/06 22:20
4.8,2018/08/06 21:39
5.0,2018/08/06 00:55
3.7,2018/08/05 10:35
3.8,2018/08/05 01:01
4.1,2018/08/04 01:46
4.5,2018/08/02 10:19
4.0,2018/08/02 01:21
3.8,2018/07/31 16:51
4.6,2018/07/30 00:20
3.5,2018/07/29 10:24
4.6,2018/07/28 23:51
4.1,2018/07/28 16:37
3.7,2018/07/27 06:24
5.0,2018/07/27 05:40
5.0,2018/07/26 17:16
5.0,2018/07/26 15:30
4.3,2018/07/24 22:37
3.7,2018/07/24 20:39
4.0,2018/07/23 14:12
,2018/07/22 22:53
,2018/07/22 13:19
3.3,2018/07/20 21:11
5.0,2018/07/20 14:36
4.0,2018/07/19 13:59
3.8,2018/07/18 16:09
4.2,2018/07/15 21:48
4.5,2018/07/13 01:15
4.0,2018/07/12 01:14
4.8,2018/07/09 20:12
3.0,2018/07/09 15:46
4.1,2018/07/09 03:43
4.5,2018/07/07 16:24
3.9,2018/07/07 00:13
4.5,2018/07/03 21:10
4.0,2018/07/03 18:34
4.2,2018/06/27 12:59
3.6,2018/06/27 11:20
4.1,2018/06/26 20:08
,2018/06/23 15:29
3.9,2018/06/22 01:24
3.8,2018/06/21 23:07
3.9,2018/06/21 03:47
4.2,2018/06/19 23:33
4.9,2018/06/19 06:24
4.3,2018/06/18 23:53
3.5,2018/06/18 23:41
4.1,2018/06/18 23:30
5.0,2018/06/16 02:50
4.0,2018/06/14 21:41
4.4,2018/06/14 19:29
4.8,2018/06/13 18:25
4.3,2018/06/13 17:29
4.0,2018/06/13 14:11
4.0,2018/06/13 04:53
4.0,2018/06/13 00:08
2.8,2018/06/12 22:38
4.8,2018/06/12 18:55
4.5,2018/06/11 21:21
4.0,2018/06/10 20:47
4.2,2018/06/09 13:40
4.3,2018/06/09 02:29
4.0,2018/06/08 22:30
4.2,2018/06/08 03:11
5.0,2018/06/07 22:42
4.3,2018/06/06 18:30
5.0,2018/06/05 20:21
4.2,2018/06/05 17:21
4.4,2018/06/05 00:06
5.0,2018/06/04 05:06
3.9,2018/06/04 02:37
3.5,2018/06/03 23:52
3.8,2018/06/03 15:01
3.7,2018/06/02 21:01
4.0,2018/06/02 19:44
3.5,2018/06/02 15:18
4.3,2018/06/01 15:38
4.5,2018/05/31 23:50
3.8,2018/05/31 19:58
,2018/05/30 19:36
3.8,2018/05/30 15:19
3.7,2018/05/27 19:12
4.0,2018/05/27 09:14
4.4,2018/05/25 09:04
4.6,2018/05/24 11:55
4.4,2018/05/23 10:55
5.0,2018/05/23 09:08
3.8,2018/05/23 01:44
4.1,2018/05/22 23:02
4.8,2018/05/22 13:11
4.3,2018/05/22 01:00
3.0,2018/05/21 19:42
4.0,2018/05/21 11:37
3.5,2018/05/20 23:19
4.5,2018/05/18 18:31
4.4,2018/05/18 10:10
4.5,2018/05/17 20:20
4.0,2018/05/15 00:25
4.1,2018/05/14 22:59
4.3,2018/05/14 20:51
4.7,2018/05/14 16:20
4.6,2018/05/14 15:53
4.0,2018/05/14 01:31
4.0,2018/05/13 10:16
4.5,2018/05/12 23:37
4.2,2018/05/12 20:44
5.0,2018/05/12 11:29
4.4,2018/05/11 12:43
5.0,2018/05/10 10:06
3.0,2018/05/10 07:48
5.0,2018/05/08 22:55
4.5,2018/05/08 19:15
4.8,2018/05/04 18:05
4.0,2018/05/04 11:15
4.8,2018/05/04 09:46
3.7,2018/05/03 18:05
4.1,2018/05/02 04:10
3.5,2018/05/01 23:13
5.0,2018/05/01 11:55
,2018/05/01 04:51
3.8,2018/04/30 23:39
4.4,2018/04/30 13:27
4.5,2018/04/28 23:06
4.8,2018/04/28 19:13
4.5,2018/04/28 15:56
4.5,2018/04/27 04:56
4.0,2018/04/26 20:30
4.2,2018/04/26 11:11
5.0,2018/04/24 08:03
4.8,2018/04/24 00:03
4.0,2018/04/22 20:55
3.7,2018/04/21 23:14
4.1,2018/04/20 20:50
4.1,2018/04/20 13:35
4.4,2018/04/20 11:31
4.2,2018/04/20 03:08
3.4,2018/04/19 14:38
4.0,2018/04/18 18:10
,2018/04/16 09:36
4.8,2018/04/16 00:39
4.6,2018/04/15 22:20
3.7,2018/04/15 19:45
3.8,2018/04/15 10:52
3.0,2018/04/15 03:13
4.7,2018/04/14 00:08
5.0,2018/04/12 18:21
3.5,2018/04/11 02:49
4.8,2018/04/10 04:56
4.6,2018/04/09 15:28
4.5,2018/04/08 10:47
3.5,2018/04/07 08:00
4.2,2018/04/06 21:15
3.0,2018/04/06 18:32
4.5,2018/04/06 02:29
4.2,2018/04/04 23:42
4.8,2018/04/04 19:03
4.5,2018/04/04 11:25
4.5,2018/04/04 09:32
4.8,2018/04/03 10:02
4.8,2018/04/02 21:20
4.5,2018/04/02 18:08
3.4,2018/04/02 12:50
4.0,2018/04/01 08:27
4.5,2018/03/31 19:18
4.7,2018/03/29 23:46
4.0,2018/03/28 06:48
4.0,2018/03/27 22:58
4.0,2018/03/26 18:01
4.0,2018/03/26 16:51
4.3,2018/03/25 21:36
3.6,2018/03/24 22:06
5.0,2018/03/24 11:03
4.0,2018/03/23 09:43
4.2,2018/03/23 01:31
4.2,2018/03/22 23:43
2.8,2018/03/22 21:02
4.7,2018/03/22 19:42
4.8,2018/03/22 14:33
5.0,2018/03/22 09:14
4.8,2018/03/21 23:44
,2018/03/21 18:38
4.1,2018/03/19 13:36
4.2,2018/03/18 18:08
4.4,2018/03/17 18:17
5.0,2018/03/17 13:56
5.0,2018/03/17 00:18
4.3,2018/03/16 23:02
4.0,2018/03/16 21:06
4.1,2018/03/16 20:50
5.0,2018/03/15 23:25
4.0,2018/03/15 03:20
3.7,2018/03/15 01:46
4.0,2018/03/14 00:09
,2018/03/13 22:00
3.5,2018/03/11 17:54
,2018/03/11 13:08
3.6,2018/03/10 21:14
4.3,2018/03/10 00:39
3.5,2018/03/10 00:30
3.6,2018/03/09 01:22
4.0,2018/03/08 21:21
4.3,2018/03/08 13:09
4.7,2018/03/06 18:24
4.5,2018/03/06 00:38
4.5,2018/03/05 00:57
5.0,2018/03/05 00:20
3.9,2018/03/04 11:52
,2018/03/04 08:09
3.9,2018/03/03 11:39
3.7,2018/03/03 00:28
5.0,2018/03/02 18:41
2.9,2018/03/02 12:09
3.6,2018/02/28 21:30
3.7,2018/02/28 09:51
4.0,2018/02/27 11:38
3.3,2018/02/25 19:12
4.2,2018/02/24 23:39
3.8,2018/02/24 21:23
5.0,2018/02/24 20:33
5.0,2018/02/24 11:09
5.0,2018/02/23 01:20
4.0,2018/02/22 21:09
4.1,2018/02/21 23:23
4.4,2018/02/21 17:43
4.4,2018/02/20 09:51
5.0,2018/02/20 05:36
4.0,2018/02/19 23:42
4.2,2018/02/19 18:35
3.4,2018/02/19 15:26
4.0,2018/02/18 00:11
4.4,2018/02/16 05:29
3.0,2018/02/16 00:26
4.4,2018/02/15 20:31
4.7,2018/02/15 10:16
3.8,2018/02/15 00:38
4.5,2018/02/14 19:49
4.3,2018/02/14 13:38
4.0,2018/02/14 12:30
4.0,2018/02/13 20:24
4.8,2018/02/13 19:50
3.9,2018/02/12 07:52
4.0,2018/02/12 00:48
4.1,2018/02/11 18:54
3.5,2018/02/11 01:32
5.0,2018/02/10 21:32
5.0,2018/02/10 19:55
3.7,2018/02/09 14:33
4.5,2018/02/09 13:44
5.0,2018/02/08 22:44
4.1,2018/02/08 16:21
4.5,2018/02/08 08:53
4.0,2018/02/07 07:32
4.0,2018/02/06 23:04
5.0,2018/02/06 21:53
4.6,2018/02/06 02:04
4.0,2018/02/05 21:41
4.4,2018/02/05 01:04
4.5,2018/02/05 00:15
4.3,2018/02/04 14:21
4.3,2018/02/03 21:53
,2018/02/03 19:07
4.0,2018/02/03 00:50
3.5,2018/02/02 14:39
4.5,2018/01/31 20:49
4.5,2018/01/31 08:57
3.6,2018/01/31 06:37
4.5,2018/01/30 01:42
4.6,2018/01/30 00:10
4.3,2018/01/29 22:18
4.9,2018/01/28 08:33
4.8,2018/01/27 21:55
3.9,2018/01/27 08:49
4.2,2018/01/25 23:58
4.5,2018/01/25 22:53
,2018/01/25 02:27
5.0,2018/01/23 14:04
5.0,2018/01/22 00:26
4.2,2018/01/21 15:49
,2018/01/20 22:28
4.2,2018/01/20 19:02
4.4,2018/01/20 08:03
3.6,2018/01/19 23:03
3.5,2018/01/19 17:42
4.0,2018/01/19 14:25
3.5,2018/01/18 16:23
4.0,2018/01/16 23:39
3.5,2018/01/16 14:51
3.8,2018/01/16 12:17
4.3,2018/01/15 19:12
4.0,2018/01/15 12:59
4.0,2018/01/15 00:27
3.4,2018/01/13 21:52
4.0,2018/01/13 00:56
3.8,2018/01/12 21:09
5.0,2018/01/12 18:19
4.3,2018/01/12 17:58
,2018/01/11 12:10
5.0,2018/01/11 03:35
4.9,2018/01/10 23:46
4.2,2018/01/10 23:45
4.1,2018/01/10 03:44
3.8,2018/01/10 01:43
4.0,2018/01/09 21:49
3.3,2018/01/08 07:48
4.0,2018/01/08 00:19
4.5,2018/01/07 06:36
4.8,2018/01/06 21:54
3.5,2018/01/06 16:12
4.2,2018/01/06 15:14
4.5,2018/01/06 14:34
4.3,2018/01/06 02:18
5.0,2018/01/05 20:20
3.9,2018/01/05 19:09
4.1,2018/01/05 13:14
3.0,2018/01/04 17:44
3.6,2018/01/04 17:37
3.9,2018/01/04 13:47
4.5,2018/01/03 00:53
4.5,2018/01/02 23:51
4.0,2018/01/02 17:40
4.3,2017/12/31 23:29
5.0,2017/12/31 19:31
4.6,2017/12/31 18:38
4.0,2017/12/30 23:10
3.8,2017/12/30 08:33
5.0,2017/12/29 23:25
4.0,2017/12/28 14:01
3.5,2017/12/28 12:36
5.0,2017/12/28 10:47
4.0,2017/12/27 23:58
4.0,2017/12/24 13:11
4.6,2017/12/22 20:54
4.2,2017/12/21 19:42
3.9,2017/12/21 15:08
3.8,2017/12/21 09:52
4.3,2017/12/20 23:06
3.8,2017/12/20 09:00
4.3,2017/12/18 21:40
4.6,2017/12/18 17:48
3.8,2017/12/18 13:02
3.9,2017/12/17 13:48
4.6,2017/12/17 09:57
4.2,2017/12/13 16:53
5.0,2017/12/13 03:05
5.0,2017/12/13 01:46
4.5,2017/12/12 18:12
3.0,2017/12/11 18:14
4.1,2017/12/10 23:56
4.0,2017/12/10 21:42
5.0,2017/12/10 18:36
3.5,2017/12/08 19:27
3.6,2017/12/08 10:50
3.5,2017/12/06 23:20
5.0,2017/12/05 22:52
4.0,2017/12/03 18:43
4.2,2017/12/03 16:13
,2017/12/02 19:58
5.0,2017/12/02 17:09
4.4,2017/12/02 08:51
3.9,2017/12/01 15:24
4.0,2017/12/01 00:16
3.5,2017/11/30 16:58
4.0,2017/11/30 13:50
3.8,2017/11/27 22:29
5.0,2017/11/27 18:12
2.8,2017/11/27 02:39
4.0,2017/11/25 21:49
4.5,2017/11/25 01:07
4.0,2017/11/24 15:21
3.5,2017/11/24 07:41
4.7,2017/11/22 20:32
4.0,2017/11/22 20:08
5.0,2017/11/22 00:41
3.0,2017/11/20 12:52
3.9,2017/11/20 03:27
4.4,2017/11/18 22:25
4.7,2017/11/18 14:41
3.8,2017/11/18 11:08
5.0,2017/11/17 20:22
4.2,2017/11/16 00:19
3.8,2017/11/15 21:19
4.1,2017/11/14 23:23
4.3,2017/11/14 15:48
4.2,2017/11/14 14:39
5.0,2017/11/13 21:07
4.2,2017/11/13 16:25
4.0,2017/11/12 18:40
3.8,2017/11/12 17:31
4.0,2017/11/12 13:28
4.1,2017/11/12 13:25
4.2,2017/11/11 21:57
4.0,2017/11/11 14:33
3.8,2017/11/10 21:02
4.6,2017/11/10 21:00
,2017/11/10 19:16
,2017/11/09 14:55
5.0,2017/11/07 14:29
,2017/11/06 16:45
4.2,2017/11/05 09:45
3.9,2017/11/03 19:12
4.8,2017/11/03 09:15
4.3,2017/11/02 01:29
,2017/10/31 01:14
4.3,2017/10/30 05:17
4.6,2017/10/30 01:50
4.0,2017/10/30 00:33
4.0,2017/10/29 15:52
3.6,2017/10/29 08:46
3.0,2017/10/29 03:07
4.3,2017/10/28 15:52
3.8,2017/10/28 12:21
3.1,2017/10/27 01:11
4.0,2017/10/26 00:00
3.9,2017/10/25 17:25
,2017/10/25 15:01
4.5,2017/10/25 13:47
4.4,2017/10/25 11:44
3.7,2017/10/24 23:05
3.7,2017/10/23 22:42
3.7,2017/10/23 15:18
4.2,2017/10/22 22:20
4.2,2017/10/22 16:18
4.0,2017/10/22 14:07
3.8,2017/10/22 11:11
4.0,2017/10/22 08:25
4.5,2017/10/19 20:11
4.0,2017/10/17 19:14
4.7,2017/10/17 18:19
3.9,2017/10/17 04:27
4.3,2017/10/16 16:27
3.5,2017/10/15 19:53
4.0,2017/10/15 02:06
3.7,2017/10/14 21:20
4.0,2017/10/14 00:22
4.5,2017/10/13 22:21
5.0,2017/10/12 03:35
3.9,2017/10/11 21:50
3.2,2017/10/11 17:50
4.0,2017/10/11 08:25
5.0,2017/10/09 18:10
3.5,2017/10/09 15:14
4.0,2017/10/09 13:08
3.5,2017/10/09 02:38
4.0,2017/10/07 13:05
3.7,2017/10/06 20:20
3.8,2017/10/06 13:13
5.0,2017/10/06 01:01
4.1,2017/10/05 20:29
3.8,2017/10/04 23:00
3.3,2017/10/04 01:35
3.0,2017/10/03 13:51
4.5,2017/10/02 00:44
4.3,2017/10/01 21:57
4.2,2017/09/30 22:53
3.8,2017/09/29 14:44
4.5,2017/09/24 12:59
4.0,2017/09/24 08:54
4.3,2017/09/23 01:05
,2017/09/22 01:58
4.5,2017/09/20 19:51
4.9,2017/09/20 18:07
5.0,2017/09/18 18:05
4.2,2017/09/18 11:40
4.4,2017/09/18 00:05
4.0,2017/09/17 22:10
4.0,2017/09/17 17:36
,2017/09/17 11:26
5.0,2017/09/17 02:35
3.3,2017/09/16 02:01
4.5,2017/09/16 00:29
4.2,2017/09/15 16:04
4.0,2017/09/15 13:13
5.0,2017/09/14 23:34
4.0,2017/09/14 22:05
4.5,2017/09/10 16:47
4.0,2017/09/09 01:42
4.2,2017/09/08 13:16
4.6,2017/09/08 02:47
3.9,2017/09/08 00:31
4.0,2017/09/07 21:30
4.4,2017/09/06 01:13
4.2,2017/09/04 21:46
3.7,2017/09/03 23:56
4.2,2017/09/03 17:29
2.4,2017/09/03 17:04
3.8,2017/09/02 21:32
4.3,2017/09/01 21:28
5.0,2017/09/01 18:31
3.8,2017/08/31 14:11
3.0,2017/08/30 07:53
,2017/08/29 19:21
5.0,2017/08/29 15:17
4.2,2017/08/28 19:57
3.9,2017/08/28 09:05
4.5,2017/08/27 22:42
4.7,2017/08/27 22:41
4.0,2017/08/26 00:23
4.0,2017/08/23 23:57
4.2,2017/08/23 18:05
3.5,2017/08/22 10:27
4.7,2017/08/21 18:31
4.6,2017/08/21 09:57
4.2,2017/08/20 05:19
4.5,2017/08/20 01:19
3.7,2017/08/19 17:34
4.2,2017/08/19 15:54
3.7,2017/08/18 19:52
4.0,2017/08/17 22:59
4.0,2017/08/17 16:53
3.9,2017/08/16 23:31
,2017/08/15 20:33
4.0,2017/08/15 02:09
4.2,2017/08/15 01:46
4.5,2017/08/15 01:42
3.7,2017/08/14 23:02
3.6,2017/08/14 22:34
3.9,2017/08/14 18:38
4.4,2017/08/14 00:17
3.3,2017/08/13 22:38
4.0,2017/08/12 20:15
4.3,2017/08/12 17:50
4.3,2017/08/12 03:32
4.4,2017/08/11 15:36
3.5,2017/08/10 23:31
4.5,2017/08/10 21:51
4.5,2017/08/09 14:57
3.8,2017/08/09 03:57
3.8,2017/08/08 14:30
4.3,2017/08/08 02:30
4.5,2017/08/07 22:28
4.5,2017/08/06 16:05
2.8,2017/08/05 22:13
3.8,2017/08/03 23:43
3.9,2017/08/03 23:33
3.6,2017/08/03 03:04
3.6,2017/08/02 23:04
4.5,2017/08/02 19:50
5.0,2017/08/02 15:52
5.0,2017/08/02 05:33
4.5,2017/08/02 04:31
3.9,2017/08/02 00:02
4.1,2017/07/30 12:12
5.0,2017/07/29 23:48
3.9,2017/07/29 15:41
3.7,2017/07/28 18:48
4.6,2017/07/27 21:41
5.0,2017/07/27 15:35
4.4,2017/07/27 10:51
3.9,2017/07/25 22:42
3.9,2017/07/25 20:49
4.5,2017/07/23 16:46
4.5,2017/07/21 22:32
4.5,2017/07/21 01:14
4.1,2017/07/20 19:56
3.3,2017/07/17 08:44
3.8,2017/07/16 22:38
4.3,2017/07/16 17:11
4.1,2017/07/15 02:58
4.5,2017/07/14 21:26
4.0,2017/07/14 13:17
4.6,2017/07/14 08:52
3.5,2017/07/09 08:09
,2017/07/08 23:12
3.8,2017/07/08 02:20
4.0,2017/07/07 20:00
4.2,2017/07/06 02:08
4.2,2017/07/03 00:07
4.5,2017/07/02 08:31
3.9,2017/07/01 01:41
5.0,2017/06/29 21:55
4.1,2017/06/29 21:44
4.0,2017/06/29 20:07
4.4,2017/06/29 17:29
4.5,2017/06/29 11:43
4.2,2017/06/28 22:19
3.5,2017/06/27 20:07
4.5,2017/06/26 22:09
4.6,2017/06/26 14:11
3.9,2017/06/25 22:27
,2017/06/25 02:23
4.0,2017/06/24 15:41
4.1,2017/06/24 02:26
4.5,2017/06/24 01:03
5.0,2017/06/22 22:22
4.5,2017/06/21 00:14
4.3,2017/06/19 00:26
4.0,2017/06/18 18:39
3.8,2017/06/18 01:33
4.0,2017/06/17 16:29
4.3,2017/06/16 00:37
,2017/06/15 19:00
4.4,2017/06/15 03:15
3.5,2017/06/15 00:30
4.0,2017/06/14 00:35
4.8,2017/06/12 09:23
,2017/06/12 01:23
4.1,2017/06/11 23:07
3.8,2017/06/11 21:06
4.2,2017/06/11 09:27
4.8,2017/06/11 02:17
4.0,2017/06/10 23:44
4.0,2017/06/10 21:06
4.2,2017/06/10 20:51
,2017/06/10 14:08
5.0,2017/06/10 00:41
3.0,2017/06/08 20:16
4.0,2017/06/07 02:09
4.4,2017/06/02 23:35
4.9,2017/06/02 10:28
4.5,2017/06/01 17:54
4.8,2017/05/31 13:32
4.5,2017/05/31 02:04
4.0,2017/05/29 20:25
4.0,2017/05/29 10:08
3.6,2017/05/28 13:07
4.3,2017/05/25 17:04
4.0,2017/05/25 00:29
5.0,2017/05/23 17:01
4.3,2017/05/23 15:43
4.3,2017/05/23 10:52
4.1,2017/05/22 22:21
4.6,2017/05/22 10:28
4.6,2017/05/21 23:11
3.9,2017/05/21 16:35
5.0,2017/05/20 11:15
3.8,2017/05/18 21:31
4.0,2017/05/18 00:57
4.3,2017/05/17 23:34
5.0,2017/05/17 11:25
3.6,2017/05/17 04:13
3.5,2017/05/17 00:56
,2017/05/15 21:50
4.4,2017/05/15 18:26
3.9,2017/05/15 15:13
4.8,2017/05/15 11:49
3.7,2017/05/14 21:12
2.9,2017/05/14 15:09
4.3,2017/05/14 00:01
3.5,2017/05/10 20:49
4.5,2017/05/10 00:42
4.2,2017/05/09 15:43
4.3,2017/05/08 01:18
4.7,2017/05/07 08:32
4.8,2017/05/06 19:09
4.0,2017/05/05 22:23
5.0,2017/05/03 23:01
3.9,2017/05/03 19:56
4.2,2017/05/03 11:09
4.5,2017/05/03 02:33
4.4,2017/05/02 22:23
4.0,2017/04/30 22:16
3.7,2017/04/30 16:45
,2017/04/30 04:27
4.5,2017/04/29 12:22
4.7,2017/04/29 10:24
4.3,2017/04/27 22:30
4.5,2017/04/27 20:41
4.0,2017/04/27 00:41
4.3,2017/04/25 15:02
4.2,2017/04/25 11:36
5.0,2017/04/24 10:10
3.7,2017/04/24 03:22
3.8,2017/04/21 22:58
4.8,2017/04/21 17:52
5.0,2017/04/21 12:17
3.7,2017/04/21 07:43
5.0,2017/04/20 03:55
3.8,2017/04/19 16:34
5.0,2017/04/18 18:29
4.3,2017/04/18 01:10
4.5,2017/04/18 00:18
3.0,2017/04/17 01:35
4.5,2017/04/16 21:47
4.5,2017/04/16 16:56
4.0,2017/04/16 04:33
4.5,2017/04/16 01:56
2.7,2017/04/15 02:47
4.0,2017/04/14 03:47
3.5,2017/04/13 20:44
3.5,2017/04/13 16:32
4.0,2017/04/12 01:27
5.0,2017/04/11 21:36
3.5,2017/04/10 23:40
4.0,2017/04/10 22:55
3.9,2017/04/09 17:26
4.3,2017/04/09 12:44
4.0,2017/04/09 10:44
4.5,2017/04/07 15:10
4.4,2017/04/07 09:13
4.9,2017/04/07 00:06
4.4,2017/04/06 18:42
4.6,2017/04/05 21:45
3.5,2017/04/05 15:08
4.3,2017/04/03 19:14
4.5,2017/04/03 08:09
4.0,2017/04/03 01:18
4.5,2017/04/01 23:58
4.9,2017/03/30 00:04
4.7,2017/03/29 22:36
5.0,2017/03/29 22:02
5.0,2017/03/29 19:39
4.2,2017/03/29 12:46
3.6,2017/03/27 21:31
2.8,2017/03/26 23:42
4.2,2017/03/26 14:25
4.2,2017/03/26 06:55
4.2,2017/03/26 03:06
4.6,2017/03/24 07:59
3.8,2017/03/23 18:31
3.6,2017/03/22 22:15
4.1,2017/03/22 18:46
4.3,2017/03/22 12:10
4.8,2017/03/21 20:52
4.0,2017/03/21 10:13
4.0,2017/03/20 21:23
4.5,2017/03/20 18:25
4.9,2017/03/20 16:37
4.0,2017/03/18 18:39
4.6,2017/03/18 14:31
4.0,2017/03/17 14:13
4.8,2017/03/17 03:37
4.0,2017/03/15 11:02
4.4,2017/03/15 10:40
4.7,2017/03/15 00:43
3.9,2017/03/14 10:14
3.2,2017/03/14 00:27
4.0,2017/03/13 15:46
3.8,2017/03/13 07:52
4.3,2017/03/10 22:57
,2017/03/10 00:04
4.2,2017/03/05 21:44
4.0,2017/03/05 20:08
3.5,2017/03/05 14:07
4.8,2017/03/05 00:25
3.4,2017/03/04 23:42
3.7,2017/03/04 03:59
4.2,2017/03/03 21:16
4.5,2017/03/01 09:55
4.3,2017/02/28 16:03
4.0,2017/02/28 09:34
4.0,2017/02/28 01:06
5.0,2017/02/27 23:44
4.4,2017/02/27 11:53
3.3,2017/02/26 00:03
4.0,2017/02/25 13:24
4.3,2017/02/25 08:30
3.5,2017/02/25 02:11
4.3,2017/02/24 23:25
5.0,2017/02/24 17:42
4.5,2017/02/24 17:08
4.1,2017/02/23 19:10
3.2,2017/02/23 06:04
4.7,2017/02/23 00:20
4.3,2017/02/22 17:46
3.7,2017/02/21 23:04
4.0,2017/02/21 21:15
,2017/02/21 18:11
3.8,2017/02/21 17:06
3.4,2017/02/21 11:48
4.5,2017/02/21 02:41
3.5,2017/02/20 23:31
4.6,2017/02/20 20:06
4.0,2017/02/20 08:17
4.3,2017/02/20 00:37
5.0,2017/02/20 00:24
3.9,2017/02/20 00:05
4.0,2017/02/19 22:05
4.0,2017/02/19 21:42
3.9,2017/02/19 20:01
4.2,2017/02/18 15:23
4.8,2017/02/18 07:18
4.7,2017/02/16 16:28
4.0,2017/02/15 12:44
4.0,2017/02/15 10:40
3.5,2017/02/15 01:29
4.8,2017/02/14 16:06
4.0,2017/02/14 02:54
4.2,2017/02/12 23:44
3.0,2017/02/12 18:08
4.1,2017/02/12 02:32
3.9,2017/02/11 02:59
4.4,2017/02/10 01:00
,2017/02/09 21:02
4.7,2017/02/09 02:23
4.3,2017/02/09 02:15
4.1,2017/02/08 23:19
5.0,2017/02/08 11:44
4.6,2017/02/08 00:29
5.0,2017/02/07 00:51
,2017/02/07 00:19
4.0,2017/02/06 21:36
4.5,2017/02/06 20:32
5.0,2017/02/06 02:03
5.0,2017/02/05 21:11
3.9,2017/02/05 20:55
4.6,2017/02/05 17:29
3.6,2017/02/05 07:21
3.7,2017/02/05 00:26
4.0,2017/02/04 12:36
4.0,2017/02/03 23:15
5.0,2017/02/03 18:08
,2017/02/02 21:59
4.0,2017/02/02 15:44
4.1,2017/02/02 09:33
4.0,2017/01/31 21:18
4.1,2017/01/31 12:37
4.2,2017/01/29 01:42
4.5,2017/01/28 15:17
3.9,2017/01/26 08:54
4.6,2017/01/24 18:17
4.4,2017/01/24 17:54
3.5,2017/01/23 23:20
4.3,2017/01/23 02:45
5.0,2017/01/22 17:28
3.3,2017/01/22 15:44
4.5,2017/01/22 13:41
4.4,2017/01/21 19:14
4.1,2017/01/21 12:32
4.0,2017/01/20 00:00
3.7,2017/01/19 20:36
2.0,2017/01/19 12:44
5.0,2017/01/18 22:37
4.7,2017/01/16 15:41
4.0,2017/01/15 23:30
3.8,2017/01/14 18:39
4.3,2017/01/13 16:14
4.8,2017/01/12 19:39
4.7,2017/01/12 15:35
4.0,2017/01/12 13:58
5.0,2017/01/12 12:31
4.0,2017/01/11 21:14
4.0,2017/01/11 07:32
4.1,2017/01/09 23:20
4.0,2017/01/09 22:32
4.3,2017/01/09 12:13
4.1,2017/01/09 00:30
4.0,2017/01/08 23:15
,2017/01/08 18:38
4.7,2017/01/08 08:00
4.4,2017/01/08 02:44
4.5,2017/01/07 05:38
4.5,2017/01/06 19:31
4.5,2017/01/06 14:26
4.8,2017/01/05 12:19
4.2,2017/01/04 22:38
4.0,2017/01/04 19:24
4.5,2017/01/03 20:49
4.1,2017/01/02 11:56
4.8,2017/01/01 23:39
4.2,2016/12/30 23:01
4.0,2016/12/29 02:15
2.7,2016/12/29 00:39
3.7,2016/12/28 14:48
3.5,2016/12/27 18:03
,2016/12/27 12:00
3.6,2016/12/24 20:08
5.0,2016/12/24 09:21
4.1,2016/12/22 13:38
4.3,2016/12/21 16:34
3.6,2016/12/20 20:29
3.7,2016/12/20 16:53
4.5,2016/12/19 15:54
4.5,2016/12/17 15:08
3.8,2016/12/17 03:13
3.9,2016/12/17 01:06
4.2,2016/12/16 01:01
4.3,2016/12/16 00:52
4.1,2016/12/15 20:31
4.6,2016/12/15 19:44
4.5,2016/12/14 19:19
4.6,2016/12/14 13:42
4.4,2016/12/13 04:51
3.5,2016/12/12 22:38
3.8,2016/12/11 23:57
4.0,2016/12/11 21:21
,2016/12/11 14:52
4.2,2016/12/10 17:45
3.5,2016/12/10 11:22
5.0,2016/12/09 05:34
3.0,2016/12/09 00:18
3.7,2016/12/08 14:26
3.3,2016/12/07 23:48
4.1,2016/12/07 17:45
4.0,2016/12/07 17:43
4.1,2016/12/07 17:16
4.2,2016/12/06 15:35
3.5,2016/12/06 12:35
3.0,2016/12/04 21:01
3.5,2016/12/04 10:23
3.2,2016/12/04 09:54
5.0,2016/12/04 09:44
4.3,2016/12/03 00:45
5.0,2016/12/02 21:40
4.3,2016/11/30 23:03
4.0,2016/11/30 22:32
5.0,2016/11/30 11:27
4.0,2016/11/30 01:24
3.0,2016/11/29 19:17
5.0,2016/11/29 05:40
5.0,2016/11/28 11:27
3.4,2016/11/27 23:45
4.2,2016/11/27 17:34
3.9,2016/11/27 16:48
3.9,2016/11/26 22:56
3.8,2016/11/26 19:46
4.0,2016/11/24 23:11
4.6,2016/11/24 23:08
4.0,2016/11/24 20:30
4.4,2016/11/24 13:10
4.3,2016/11/23 14:12
3.9,2016/11/23 05:33
5.0,2016/11/22 20:45
4.1,2016/11/22 09:51
4.8,2016/11/21 23:43
3.8,2016/11/21 20:18
4.3,2016/11/21 19:28
4.5,2016/11/21 10:54
4.5,2016/11/21 02:33
4.5,2016/11/21 00:19
3.0,2016/11/20 22:27
4.3,2016/11/20 17:28
4.1,2016/11/20 10:52
4.3,2016/11/20 01:32
3.1,2016/11/19 23:25
4.4,2016/11/19 23:06
5.0,2016/11/19 21:07
3.5,2016/11/19 17:25
4.8,2016/11/19 12:04
4.0,2016/11/19 09:31
4.2,2016/11/18 23:30
4.3,2016/11/18 19:48
3.9,2016/11/18 16:48
,2016/11/18 15:26
5.0,2016/11/17 13:05
3.8,2016/11/16 00:31
4.2,2016/11/15 23:52
3.8,2016/11/15 18:39
4.0,2016/11/15 11:30
4.0,2016/11/14 20:32
3.6,2016/11/14 10:42
4.6,2016/11/14 06:02
3.5,2016/11/14 02:10
4.2,2016/11/14 00:07
4.7,2016/11/12 21:01
2.5,2016/11/12 20:26
4.5,2016/11/12 19:00
4.5,2016/11/12 17:31
3.8,2016/11/11 02:35
4.5,2016/11/11 02:29
4.5,2016/11/10 17:53
4.0,2016/11/10 01:54
4.2,2016/11/09 15:49
4.4,2016/11/09 15:45
4.0,2016/11/09 06:50
3.8,2016/11/09 00:48
3.6,2016/11/07 21:41
4.0,2016/11/07 19:22
3.7,2016/11/07 08:18
,2016/11/07 00:44
4.2,2016/11/06 00:53
4.7,2016/11/06 00:02
4.2,2016/11/05 22:35
3.6,2016/11/05 21:52
4.2,2016/11/05 14:18
4.3,2016/11/04 22:02
5.0,2016/11/04 17:49
5.0,2016/11/04 16:05
4.0,2016/11/03 19:50
4.5,2016/11/03 13:22
4.1,2016/11/03 09:50
5.0,2016/11/03 09:49
4.3,2016/11/03 00:06
3.6,2016/11/02 18:03
4.7,2016/11/02 13:44
4.7,2016/11/02 03:32
4.0,2016/11/02 02:11
4.0,2016/11/02 01:42
5.0,2016/11/01 21:50
4.8,2016/11/01 17:25
4.2,2016/11/01 11:15
4.5,2016/10/31 17:30
4.1,2016/10/29 11:27
4.6,2016/10/29 11:17
4.5,2016/10/28 20:17
,2016/10/26 22:47
4.0,2016/10/25 10:55
3.9,2016/10/23 19:32
4.6,2016/10/22 20:48
4.3,2016/10/22 18:06
5.0,2016/10/22 16:39
4.0,2016/10/22 16:12
3.6,2016/10/21 17:32
3.7,2016/10/19 11:35
4.2,2016/10/19 01:55
4.6,2016/10/18 05:17
4.5,2016/10/18 00:34
4.6,2016/10/17 13:56
3.9,2016/10/17 03:03
4.5,2016/10/17 01:08
4.0,2016/10/14 14:55
3.8,2016/10/13 14:19
4.3,2016/10/11 22:40
3.4,2016/10/10 19:21
5.0,2016/10/10 16:49
4.1,2016/10/10 13:45
4.0,2016/10/10 11:09
4.5,2016/10/10 00:26
4.0,2016/10/09 12:33
4.6,2016/10/09 07:02
4.0,2016/10/08 22:30
4.8,2016/10/07 22:46
4.5,2016/10/07 20:17
4.0,2016/10/07 02:28
3.7,2016/10/06 11:44
5.0,2016/10/05 20:42
3.8,2016/10/05 16:23
4.5,2016/10/04 21:21
4.3,2016/10/03 21:00
4.0,2016/10/03 18:29
4.0,2016/10/02 19:53
4.5,2016/09/30 21:52
4.0,2016/09/29 22:42
3.8,2016/09/29 06:33
5.0,2016/09/28 23:47
4.5,2016/09/28 15:58
4.6,2016/09/28 02:50
4.8,2016/09/28 02:16
4.0,2016/09/27 15:57
4.1,2016/09/26 12:48
4.2,2016/09/25 14:04
4.5,2016/09/24 10:58
4.0,2016/09/23 21:25
3.0,2016/09/23 01:28
4.3,2016/09/22 17:58
3.9,2016/09/22 11:50
4.4,2016/09/21 23:46
4.5,2016/09/19 19:34
4.0,2016/09/18 23:45
3.0,2016/09/14 08:40
5.0,2016/09/14 01:04
5.0,2016/09/13 20:35
3.8,2016/09/12 00:26
4.0,2016/09/08 22:03
4.7,2016/09/08 19:12
4.0,2016/09/08 16:45
4.2,2016/09/08 08:01
4.4,2016/09/07 01:15
3.0,2016/09/06 16:11
4.2,2016/09/06 14:10
5.0,2016/09/06 03:13
4.0,2016/09/05 08:01
4.2,2016/09/04 15:17
4.0,2016/09/03 11:51
4.1,2016/09/02 23:47
4.6,2016/09/02 22:34
3.7,2016/09/01 16:52
3.6,2016/09/01 01:20
4.2,2016/08/31 03:49
4.7,2016/08/31 03:32
4.0,2016/08/30 13:08
4.0,2016/08/30 01:19
4.0,2016/08/30 00:50
4.2,2016/08/29 19:45
4.0,2016/08/29 15:41
5.0,2016/08/22 14:26
4.2,2016/08/22 00:16
3.7,2016/08/21 19:56
3.9,2016/08/21 01:03
4.0,2016/08/20 21:12
5.0,2016/08/20 20:59
4.0,2016/08/20 15:29
4.0,2016/08/19 23:20
4.0,2016/08/19 22:43
3.9,2016/08/18 18:54
5.0,2016/08/18 00:53
4.2,2016/08/17 23:48
4.2,2016/08/16 19:49
4.0,2016/08/16 12:30
3.9,2016/08/16 09:35
4.4,2016/08/16 02:35
4.3,2016/08/15 20:04
5.0,2016/08/15 05:04
4.2,2016/08/14 21:35
5.0,2016/08/13 21:00
3.8,2016/08/12 08:43
3.5,2016/08/11 16:11
4.4,2016/08/11 00:57
4.0,2016/08/10 16:35
4.2,2016/08/10 11:24
4.5,2016/08/10 04:53
4.5,2016/08/08 16:46
4.6,2016/08/08 01:55
4.0,2016/08/07 23:11
4.3,2016/08/07 19:59
4.5,2016/08/06 04:27
4.0,2016/08/04 10:13
4.6,2016/08/04 00:24
3.8,2016/08/03 23:10
4.6,2016/07/30 23:35
4.3,2016/07/30 13:14
,2016/07/29 01:44
4.5,2016/07/27 00:44
3.5,2016/07/26 09:07
4.0,2016/07/26 02:05
3.6,2016/07/25 14:04
4.0,2016/07/24 19:07
3.8,2016/07/24 12:13
4.9,2016/07/24 02:31
,2016/07/23 09:10
5.0,2016/07/22 20:04
4.1,2016/07/22 01:02
5.0,2016/07/21 18:54
4.0,2016/07/20 03:51
4.8,2016/07/15 18:39
4.7,2016/07/15 16:20
3.6,2016/07/15 13:53
3.6,2016/07/14 19:23
4.0,2016/07/13 19:15
4.2,2016/07/13 17:43
4.0,2016/07/13 15:17
4.8,2016/07/13 09:27
3.7,2016/07/13 08:28
4.5,2016/07/12 01:14
4.0,2016/07/10 15:17
4.3,2016/07/09 23:29
4.0,2016/07/07 13:27
4.0,2016/07/07 02:56
4.4,2016/07/06 21:28
3.7,2016/07/05 22:40
4.0,2016/07/05 20:32
4.2,2016/07/05 19:33
4.8,2016/07/04 23:27
5.0,2016/07/04 21:47
4.4,2016/07/03 01:39
5.0,2016/07/02 20:02
4.5,2016/07/01 16:37
3.5,2016/07/01 08:41
4.7,2016/07/01 00:28
3.6,2016/06/30 10:38
4.1,2016/06/29 18:23
5.0,2016/06/28 21:53
4.3,2016/06/28 20:15
4.9,2016/06/28 13:16
3.8,2016/06/27 01:16
5.0,2016/06/26 22:27
3.9,2016/06/24 14:31
4.0,2016/06/22 13:50
4.6,2016/06/22 01:53
4.7,2016/06/21 23:27
4.5,2016/06/20 13:59
4.5,2016/06/19 15:26
4.0,2016/06/18 16:39
4.0,2016/06/18 13:48
4.2,2016/06/17 15:27
3.6,2016/06/16 23:01
3.0,2016/06/16 18:34
3.9,2016/06/16 02:28
4.0,2016/06/14 23:10
3.9,2016/06/14 13:06
5.0,2016/06/13 15:17
4.0,2016/06/13 10:20
3.9,2016/06/13 08:57
4.0,2016/06/13 02:17
4.0,2016/06/11 15:49
3.7,2016/06/10 23:05
4.1,2016/06/08 23:14
4.2,2016/06/08 02:38
4.0,2016/06/07 21:22
4.5,2016/06/07 20:11
3.6,2016/06/07 15:46
4.8,2016/06/07 10:04
,2016/06/07 01:33
4.5,2016/06/06 22:52
4.4,2016/06/06 08:04
3.9,2016/06/06 07:43
4.0,2016/06/05 17:12
3.5,2016/06/05 06:30
3.8,2016/06/04 22:20
4.2,2016/06/03 21:49
4.9,2016/06/03 09:47
4.2,2016/06/01 20:52
4.4,2016/05/31 22:50
3.8,2016/05/31 16:10
3.8,2016/05/31 08:00
3.4,2016/05/30 21:42
4.0,2016/05/30 21:31
3.2,2016/05/30 20:09
4.9,2016/05/30 16:16
3.9,2016/05/30 05:21
4.4,2016/05/30 01:57
4.4,2016/05/28 20:41
4.3,2016/05/27 15:04
5.0,2016/05/26 22:01
3.8,2016/05/26 21:49
4.7,2016/05/26 21:11
3.5,2016/05/26 19:51
4.5,2016/05/25 20:48
4.5,2016/05/25 03:32
5.0,2016/05/24 21:41
4.2,2016/05/22 21:02
4.3,2016/05/22 16:09
3.5,2016/05/22 15:48
5.0,2016/05/21 23:33
4.2,2016/05/21 20:11
4.0,2016/05/21 16:10
2.9,2016/05/18 00:30
3.6,2016/05/17 01:39
4.1,2016/05/16 20:30
,2016/05/15 18:00
3.9,2016/05/13 00:58
4.5,2016/05/11 13:51
4.0,2016/05/11 06:21
4.2,2016/05/08 18:25
5.0,2016/05/08 02:29
,2016/05/08 01:14
4.3,2016/05/07 19:01
2.0,2016/05/07 18:24
4.0,2016/05/07 00:34
5.0,2016/05/05 21:32
4.5,2016/05/05 00:42
4.0,2016/05/04 16:38
3.9,2016/05/03 20:13
4.7,2016/05/03 01:10
4.0,2016/05/02 23:52
3.8,2016/05/01 17:28
5.0,2016/05/01 13:06
4.0,2016/05/01 11:45
3.5,2016/05/01 11:22
4.4,2016/04/30 12:23
4.6,2016/04/30 04:09
4.6,2016/04/30 00:38
4.7,2016/04/28 23:57
4.2,2016/04/24 16:13
5.0,2016/04/23 13:03
4.5,2016/04/21 15:12
4.7,2016/04/21 10:41
4.7,2016/04/21 00:24
4.7,2016/04/19 16:11
4.3,2016/04/19 11:35
3.7,2016/04/18 09:54
4.1,2016/04/16 00:49
4.2,2016/04/14 18:17
4.3,2016/04/14 17:27
4.8,2016/04/14 17:07
,2016/04/12 20:16
3.8,2016/04/09 10:42
2.0,2016/04/09 01:14
4.3,2016/04/06 02:17
3.4,2016/04/05 00:33
4.0,2016/04/04 23:31
4.2,2016/04/03 23:16
3.9,2016/04/02 17:04
4.4,2016/04/02 01:06
3.7,2016/04/01 22:35
4.8,2016/04/01 12:32
4.1,2016/03/30 21:06
4.2,2016/03/30 11:37
4.3,2016/03/29 12:49
4.5,2016/03/28 16:27
4.5,2016/03/28 11:51
5.0,2016/03/26 14:53
3.3,2016/03/26 01:14
4.3,2016/03/26 00:01
4.2,2016/03/25 21:26
5.0,2016/03/25 20:48
4.1,2016/03/24 09:19
4.0,2016/03/23 21:30
3.5,2016/03/22 22:43
4.4,2016/03/22 19:13
2.3,2016/03/22 03:10
4.0,2016/03/21 20:30
5.0,2016/03/21 06:05
3.9,2016/03/20 22:20
3.5,2016/03/20 16:56
3.7,2016/03/20 16:06
4.4,2016/03/20 09:08
5.0,2016/03/19 23:24
3.5,2016/03/19 00:11
4.0,2016/03/18 18:06
5.0,2016/03/18 16:17
3.8,2016/03/17 19:06
4.0,2016/03/17 17:14
,2016/03/17 01:59
4.1,2016/03/14 02:49
4.4,2016/03/13 16:07
3.0,2016/03/12 16:29
3.9,2016/03/12 11:22
5.0,2016/03/10 22:27
4.5,2016/03/09 19:18
5.0,2016/03/09 14:30
4.7,2016/03/08 15:07
4.2,2016/03/08 15:01
4.5,2016/03/08 12:44
4.0,2016/03/08 01:51
2.0,2016/03/07 23:18
,2016/03/07 20:55
5.0,2016/03/07 07:32
3.0,2016/03/07 02:31
4.3,2016/03/06 17:00
4.2,2016/03/06 13:55
4.1,2016/03/06 04:24
3.2,2016/03/05 18:38
4.0,2016/03/05 16:56
5.0,2016/03/05 10:45
4.3,2016/03/05 00:14
3.7,2016/03/04 20:33
4.0,2016/03/03 23:50
4.2,2016/03/02 15:18
5.0,2016/03/01 21:18
3.9,2016/03/01 00:25
4.0,2016/02/29 23:23
4.2,2016/02/29 21:33
5.0,2016/02/28 14:01
,2016/02/27 17:42
4.0,2016/02/27 01:29
4.5,2016/02/26 20:44
3.5,2016/02/26 18:23
4.8,2016/02/26 15:16
4.2,2016/02/26 10:57
4.0,2016/02/25 20:00
4.8,2016/02/25 06:30
5.0,2016/02/25 03:33
3.1,2016/02/25 00:27
4.3,2016/02/23 23:25
3.7,2016/02/23 22:54
4.3,2016/02/23 15:26
4.0,2016/02/22 19:11
3.6,2016/02/20 22:28
4.1,2016/02/20 20:53
3.8,2016/02/19 17:28
4.9,2016/02/19 16:02
4.5,2016/02/18 22:44
4.2,2016/02/16 23:17
4.4,2016/02/16 21:30
4.1,2016/02/16 12:08
5.0,2016/02/15 23:34
5.0,2016/02/15 22:12
5.0,2016/02/15 09:04
4.3,2016/02/14 10:06
4.3,2016/02/13 22:21
4.1,2016/02/13 08:43
4.6,2016/02/12 16:38
3.9,2016/02/12 11:47
5.0,2016/02/11 13:23
2.9,2016/02/11 11:20
4.0,2016/02/11 02:52
3.1,2016/02/10 21:19
4.6,2016/02/09 23:04
4.2,2016/02/09 11:41
5.0,2016/02/08 18:07
4.4,2016/02/07 19:18
4.2,2016/02/07 00:51
4.8,2016/02/06 19:43
5.0,2016/02/06 08:39
3.5,2016/02/06 02:44
3.8,2016/02/06 00:26
3.2,2016/02/04 22:41
5.0,2016/02/04 04:56
3.8,2016/02/04 04:30
4.8,2016/02/04 04:00
3.8,2016/02/02 11:50
5.0,2016/02/02 08:10
4.6,2016/02/02 00:51
4.7,2016/02/01 13:04
4.7,2016/01/31 22:51
4.5,2016/01/31 22:22
4.0,2016/01/29 16:23
5.0,2016/01/28 09:50
5.0,2016/01/27 23:56
5.0,2016/01/24 20:48
4.0,2016/01/24 15:00
3.5,2016/01/23 23:44
4.9,2016/01/23 06:16
4.0,2016/01/22 01:37
4.0,2016/01/21 12:11
4.0,2016/01/20 16:41
4.2,2016/01/20 01:02
4.4,2016/01/19 05:35
4.3,2016/01/18 21:53
4.5,2016/01/17 22:35
4.3,2016/01/17 16:12
3.0,2016/01/15 12:07
3.4,2016/01/14 12:39
4.0,2016/01/14 02:46
4.2,2016/01/13 22:08
4.5,2016/01/13 19:01
4.7,2016/01/12 22:30
3.9,2016/01/12 21:06
4.0,2016/01/12 17:47
5.0,2016/01/10 21:24
4.3,2016/01/10 14:39
3.8,2016/01/10 01:28
3.0,2016/01/09 07:03
,2016/01/08 08:08
4.1,2016/01/07 12:58
4.8,2016/01/04 14:43
5.0,2016/01/03 15:22
5.0,2016/01/03 13:05
5.0,2016/01/03 11:45
4.2,2016/01/03 07:06
2.9,2016/01/01 23:16
3.9,2015/12/31 14:36
4.4,2015/12/30 01:19
4.3,2015/12/29 00:07
4.2,2015/12/27 21:35
4.6,2015/12/26 15:52
4.6,2015/12/26 14:00
4.0,2015/12/25 23:52
3.9,2015/12/25 23:00
4.3,2015/12/25 14:44
3.8,2015/12/25 11:48
4.2,2015/12/24 23:44
5.0,2015/12/24 23:37
3.8,2015/12/22 22:12
3.9,2015/12/21 20:35
4.5,2015/12/18 16:04
5.0,2015/12/18 13:27
4.0,2015/12/17 18:46
3.3,2015/12/17 11:44
4.1,2015/12/16 05:57
3.7,2015/12/16 02:20
4.0,2015/12/15 18:43
4.0,2015/12/15 12:50
,2015/12/14 21:42
4.3,2015/12/14 11:54
4.8,2015/12/14 06:45
5.0,2015/12/14 00:44
4.2,2015/12/14 00:10
,2015/12/13 23:16
3.8,2015/12/13 22:06
3.5,2015/12/13 14:31
3.5,2015/12/11 18:06
4.5,2015/12/11 06:10
4.3,2015/12/11 00:53
4.3,2015/12/10 15:52
4.5,2015/12/09 09:55
4.0,2015/12/06 20:45
3.5,2015/12/05 21:55
4.5,2015/12/05 01:59
4.8,2015/12/04 14:23
4.5,2015/12/04 07:56
2.5,2015/12/02 10:25
4.2,2015/12/01 19:28
4.1,2015/12/01 12:29
4.0,2015/11/28 11:39
5.0,2015/11/27 19:17
3.7,2015/11/26 23:08
4.5,2015/11/25 01:24
5.0,2015/11/22 00:08
4.6,2015/11/21 11:28
4.3,2015/11/21 03:24
4.5,2015/11/20 18:31
4.6,2015/11/19 03:51
4.0,2015/11/18 20:36
4.2,2015/11/18 10:09
4.8,2015/11/17 04:19
3.3,2015/11/16 00:44
3.6,2015/11/13 14:24
3.1,2015/11/12 18:05
4.2,2015/11/11 11:42
3.9,2015/11/09 12:13
4.6,2015/11/09 06:59
4.7,2015/11/09 02:36
,2015/11/06 16:24
3.9,2015/11/06 11:54
4.0,2015/11/06 04:41
5.0,2015/11/05 06:54
3.5,2015/11/04 16:11
4.6,2015/11/04 11:21
3.9,2015/11/02 23:41
4.4,2015/11/01 21:51
4.6,2015/11/01 13:31
4.5,2015/10/31 19:01
4.8,2015/10/30 21:50
5.0,2015/10/30 02:38
3.5,2015/10/29 00:44
3.4,2015/10/27 19:03
4.0,2015/10/26 19:18
4.0,2015/10/26 17:25
4.4,2015/10/25 20:30
4.5,2015/10/25 12:47
3.5,2015/10/25 06:32
4.5,2015/10/24 22:13
4.0,2015/10/24 21:29
4.6,2015/10/24 14:44
,2015/10/24 12:41
3.7,2015/10/23 18:08
4.5,2015/10/22 22:30
4.1,2015/10/21 03:34
4.1,2015/10/20 21:14
4.0,2015/10/18 09:55
3.6,2015/10/18 00:55
3.9,2015/10/17 03:50
3.9,2015/10/17 02:22
4.0,2015/10/15 22:47
4.2,2015/10/15 20:51
4.2,2015/10/15 18:38
3.9,2015/10/15 15:39
5.0,2015/10/14 01:14
4.0,2015/10/12 16:45
4.8,2015/10/12 11:43
4.0,2015/10/09 22:04
3.9,2015/10/09 13:23
3.9,2015/10/09 00:55
5.0,2015/10/08 01:24
4.2,2015/10/06 08:14
4.2,2015/10/05 22:15
4.8,2015/10/04 08:11
4.2,2015/10/03 11:45
5.0,2015/10/02 17:39
4.8,2015/10/02 10:34
4.4,2015/10/01 23:02
4.1,2015/09/30 15:51
4.7,2015/09/29 15:31
5.0,2015/09/29 07:30
4.2,2015/09/29 00:44
3.9,2015/09/28 11:53
4.3,2015/09/27 00:50
4.6,2015/09/27 00:01
5.0,2015/09/25 23:55
4.0,2015/09/22 11:21
3.8,2015/09/21 22:40
5.0,2015/09/21 11:53
3.7,2015/09/17 22:57
4.5,2015/09/17 12:40
4.4,2015/09/16 20:43
4.3,2015/09/15 11:20
4.6,2015/09/12 12:30
3.6,2015/09/12 10:29
3.5,2015/09/11 22:59
4.0,2015/09/10 18:44
4.0,2015/09/08 21:22
5.0,2015/09/07 10:15
3.8,2015/09/06 19:21
3.0,2015/09/06 08:32
4.2,2015/09/05 05:15
4.0,2015/09/03 12:05
3.8,2015/09/02 21:32
4.4,2015/09/02 19:16
4.0,2015/09/02 16:05
4.5,2015/09/02 10:28
3.8,2015/09/01 23:11
4.0,2015/09/01 01:57
4.4,2015/08/31 22:34
3.7,2015/08/31 16:16
3.2,2015/08/30 22:58
3.4,2015/08/30 21:11
4.0,2015/08/30 01:45
4.1,2015/08/29 23:18
4.4,2015/08/29 22:06
4.2,2015/08/29 11:50
4.0,2015/08/29 04:48
4.5,2015/08/29 01:27
4.3,2015/08/28 22:26
3.5,2015/08/27 12:56
4.3,2015/08/27 00:12
4.2,2015/08/26 15:05
4.0,2015/08/25 23:07
3.4,2015/08/25 19:42
4.5,2015/08/24 02:13
4.5,2015/08/24 00:45
4.0,2015/08/22 01:37
3.8,2015/08/21 17:17
3.9,2015/08/21 06:21
4.7,2015/08/20 17:55
4.2,2015/08/20 10:39
4.6,2015/08/20 03:30
3.1,2015/08/19 20:32
4.8,2015/08/18 03:16
,2015/08/16 22:23
4.5,2015/08/16 02:07
5.0,2015/08/16 00:37
4.8,2015/08/15 01:54
4.3,2015/08/14 15:33
3.0,2015/08/13 01:23
4.7,2015/08/12 20:03
5.0,2015/08/12 19:27
5.0,2015/08/08 23:54
4.0,2015/08/08 13:29
4.5,2015/08/07 04:42
5.0,2015/08/06 20:06
4.5,2015/08/06 16:06
5.0,2015/08/05 01:27
4.3,2015/07/31 14:28
,2015/07/29 04:34
4.1,2015/07/27 20:02
3.6,2015/07/26 16:21
3.9,2015/07/24 02:55
4.4,2015/07/22 23:04
4.0,2015/07/22 13:40
4.3,2015/07/22 00:02
4.8,2015/07/21 12:06
4.4,2015/07/20 19:01
4.2,2015/07/20 02:24
4.2,2015/07/17 19:33
4.5,2015/07/14 00:54
4.3,2015/07/13 00:33
4.5,2015/07/12 07:39
4.2,2015/07/12 01:18
3.7,2015/07/12 00:25
4.2,2015/07/11 08:44
3.1,2015/07/10 20:49
4.1,2015/07/09 18:49
4.2,2015/07/08 21:27
4.2,2015/07/08 12:42
4.5,2015/07/07 17:26
5.0,2015/07/06 23:51
4.0,2015/07/05 12:56
4.3,2015/07/05 00:42
3.8,2015/06/29 06:28
3.5,2015/06/29 02:52
5.0,2015/06/27 00:45
4.9,2015/06/23 23:35
4.5,2015/06/23 00:59
4.0,2015/06/22 11:14
3.8,2015/06/21 12:44
5.0,2015/06/21 08:55
4.0,2015/06/17 19:23
4.5,2015/06/16 12:28
4.2,2015/06/16 00:24
4.5,2015/06/15 22:21
,2015/06/15 22:08
4.6,2015/06/14 04:20
4.0,2015/06/13 03:02
4.2,2015/06/12 00:07
4.0,2015/06/10 22:25
,2015/06/10 19:34
4.1,2015/06/09 18:43
4.5,2015/06/09 02:04
3.5,2015/06/07 19:16
4.3,2015/06/07 13:19
4.2,2015/06/06 19:02
4.1,2015/06/03 21:44
4.4,2015/06/03 14:37
4.5,2015/06/02 20:37
3.8,2015/06/01 11:35
3.7,2015/05/30 15:11
4.1,2015/05/29 16:36
4.4,2015/05/29 00:18
4.3,2015/05/27 17:00
3.5,2015/05/26 20:20
2.0,2015/05/26 00:47
4.5,2015/05/26 00:42
4.3,2015/05/25 04:39
2.6,2015/05/25 01:45
4.0,2015/05/21 23:17
4.8,2015/05/20 19:28
4.2,2015/05/19 22:42
3.7,2015/05/16 10:18
4.5,2015/05/15 04:59
3.5,2015/05/15 02:50
4.0,2015/05/13 22:38
3.6,2015/05/12 20:56
3.3,2015/05/11 22:43
4.7,2015/05/11 20:03
4.0,2015/05/11 18:43
4.5,2015/05/11 00:52
4.3,2015/05/08 11:13
4.3,2015/05/08 10:12
5.0,2015/05/04 18:36
4.0,2015/05/04 00:56
4.0,2015/05/04 00:05
4.3,2015/05/03 22:51
4.4,2015/05/02 22:17
4.2,2015/05/01 02:55
4.3,2015/04/29 13:51
3.9,2015/04/28 07:17
3.8,2015/04/27 23:56
3.9,2015/04/22 22:14
4.0,2015/04/20 14:37
4.1,2015/04/20 13:44
5.0,2015/04/19 21:12
4.0,2015/04/18 14:08
4.1,2015/04/17 22:22
4.3,2015/04/13 17:22
4.7,2015/04/13 02:23
4.5,2015/04/12 11:58
4.0,2015/04/12 08:33
4.0,2015/04/10 23:49
4.4,2015/04/10 10:31
5.0,2015/04/09 22:33
5.0,2015/04/09 20:40
3.9,2015/04/09 01:53
4.2,2015/04/07 21:01
4.0,2015/04/06 15:52
4.2,2015/04/06 00:35
3.5,2015/04/04 21:16
4.5,2015/04/04 19:37
4.0,2015/04/04 14:48
4.0,2015/04/04 08:15
4.5,2015/04/03 21:44
4.2,2015/04/02 12:30
4.1,2015/04/01 16:33
4.3,2015/03/31 01:42
4.0,2015/03/29 13:40
4.4,2015/03/29 02:42
3.5,2015/03/28 16:23
4.6,2015/03/25 14:40
4.1,2015/03/24 02:31
4.0,2015/03/23 20:05
4.3,2015/03/14 12:28
5.0,2015/03/12 11:13
3.9,2015/03/11 17:54
4.5,2015/03/09 22:56
4.5,2015/03/09 12:54
4.6,2015/03/09 01:20
4.3,2015/03/07 23:09
4.0,2015/03/07 15:59
3.9,2015/03/05 15:20
4.5,2015/03/05 01:00
4.5,2015/03/04 21:17
4.6,2015/03/02 23:04
4.8,2015/03/02 19:51
4.1,2015/03/02 17:02
4.0,2015/03/01 16:36
4.8,2015/02/27 02:45
4.6,2015/02/26 21:18
4.5,2015/02/25 02:04
4.4,2015/02/24 22:49
4.7,2015/02/23 16:24
4.3,2015/02/23 03:17
4.6,2015/02/22 10:47
3.7,2015/02/22 03:31
3.7,2015/02/21 16:04
4.2,2015/02/20 21:00
5.0,2015/02/20 00:53
4.3,2015/02/18 12:46
4.5,2015/02/16 19:27
5.0,2015/02/16 19:06
3.5,2015/02/16 02:57
4.8,2015/02/14 02:28
3.4,2015/02/09 05:58
4.3,2015/02/08 00:09
5.0,2015/02/07 23:53
4.5,2015/02/07 21:56
4.0,2015/02/05 11:54
3.5,2015/02/04 22:46
4.2,2015/02/03 14:00
4.0,2015/02/03 05:09
3.5,2015/02/02 20:23
4.5,2015/02/02 00:25
4.2,2015/01/31 23:37
,2015/01/30 21:21
,2015/01/29 12:39
5.0,2015/01/24 02:11
4.3,2015/01/22 17:51
3.2,2015/01/22 15:09
4.3,2015/01/22 11:34
5.0,2015/01/19 22:21
5.0,2015/01/17 01:38
5.0,2015/01/15 23:27
5.0,2015/01/13 16:18
4.5,2015/01/12 04:08
4.7,2015/01/11 18:00
3.7,2015/01/07 13:11
4.5,2015/01/06 07:17
4.0,2015/01/06 00:48
3.0,2015/01/05 22:46
3.7,2015/01/05 00:55
4.6,2014/12/30 07:15
4.4,2014/12/29 11:39
3.5,2014/12/28 01:48
4.5,2014/12/27 01:53
4.3,2014/12/25 00:29
4.0,2014/12/24 14:37
4.5,2014/12/23 16:41
4.3,2014/12/16 22:48
4.5,2014/12/15 00:55
4.3,2014/12/13 21:37
5.0,2014/12/08 00:20
4.8,2014/12/07 09:14
3.9,2014/12/04 06:11
5.0,2014/12/01 15:08
4.0,2014/11/30 19:26
4.0,2014/11/28 02:46
5.0,2014/11/26 08:20
4.0,2014/11/24 22:59
3.7,2014/11/23 18:04
5.0,2014/11/23 12:47
4.2,2014/11/19 01:23
4.3,2014/11/14 22:06
4.0,2014/11/13 19:52
3.7,2014/11/11 18:33
4.7,2014/11/08 17:55
4.2,2014/11/03 21:55
4.1,2014/11/03 20:50
3.8,2014/11/03 14:48
4.5,2014/11/01 15:36
3.3,2014/10/29 00:54
4.8,2014/10/28 22:54
4.2,2014/10/26 21:08
4.0,2014/10/25 23:46
3.8,2014/10/24 14:48
5.0,2014/10/21 16:23
4.5,2014/10/14 20:00
5.0,2014/10/13 23:15
5.0,2014/10/11 16:18
4.0,2014/10/08 01:27
5.0,2014/10/04 19:29
4.0,2014/10/04 07:20
4.5,2014/10/03 17:11
3.7,2014/09/29 23:02
4.2,2014/09/28 06:19
5.0,2014/09/28 00:11
3.7,2014/09/24 19:03
4.3,2014/09/23 21:58
4.5,2014/09/21 19:04
4.3,2014/09/21 18:59
4.0,2014/09/16 13:02
4.8,2014/09/15 04:03
4.0,2014/09/11 23:22
,2014/09/11 20:53
4.8,2014/09/11 20:09
4.7,2014/09/10 23:30
4.3,2014/09/08 12:28
4.8,2014/09/07 13:47
4.5,2014/09/01 21:31
,2014/08/31 22:37
5.0,2014/08/31 19:22
5.0,2014/08/31 16:39
4.5,2014/08/24 02:47
4.0,2014/08/17 15:45
4.3,2014/08/09 20:43
4.4,2014/08/09 04:26
5.0,2014/07/23 00:25
4.6,2014/07/20 17:27
5.0,2014/07/16 00:51
4.5,2014/07/15 02:48
4.4,2014/07/14 07:41
5.0,2014/07/07 03:21
4.2,2014/06/29 19:15
,2014/06/26 23:04
4.0,2014/06/26 14:01
4.9,2014/06/24 07:30
3.7,2014/06/24 03:26
4.0,2014/06/18 23:57
5.0,2014/06/17 17:21
3.9,2014/06/15 22:42
5.0,2014/06/13 01:00
4.5,2014/06/04 23:28
4.4,2014/06/04 13:41
5.0,2014/05/07 23:04
4.2,2014/05/07 18:30
5.0,2014/05/06 17:53
4.5,2014/05/04 03:19
5.0,2014/04/30 09:02
4.3,2014/04/25 08:37
,2014/04/23 09:09
4.0,2014/04/17 08:07
4.6,2014/03/31 22:34
4.2,2014/03/30 23:08
5.0,2014/03/29 03:09
4.5,2014/03/23 02:45
4.0,2014/03/16 22:20
2.0,2014/02/28 22:28
4.4,2014/02/18 19:57
5.0,2014/02/16 15:44
4.2,2014/02/15 12:35
4.3,2014/02/07 10:44
4.9,2014/02/05 22:03
4.4,2014/02/01 22:08
4.1,2014/02/01 01:15
,2014/01/30 01:16
4.4,2014/01/29 17:53
,2014/01/28 13:13
4.0,2014/01/27 21:55
4.5,2014/01/26 23:41
3.9,2014/01/25 21:05
4.5,2014/01/24 20:55
4.6,2014/01/21 17:57
4.0,2014/01/21 17:45
4.0,2014/01/19 17:16
4.7,2014/01/14 22:49
4.0,2014/01/13 00:14
,2014/01/12 02:13
3.8,2014/01/10 08:42
4.6,2014/01/09 23:52
4.0,2014/01/02 23:57
4.3,2014/01/02 23:05
4.2,2013/12/20 23:02
4.3,2013/12/20 18:37
3.4,2013/12/15 16:09
3.9,2013/12/12 15:16
4.0,2013/12/12 00:05
5.0,2013/12/05 20:22
4.3,2013/12/02 12:30
4.6,2013/11/30 20:09
4.0,2013/11/30 07:25
4.6,2013/11/27 05:11
3.9,2013/11/27 03:38
4.5,2013/11/24 17:03
4.8,2013/11/16 06:16
5.0,2013/11/15 01:49
3.8,2013/11/09 23:02
4.5,2013/11/07 20:46
5.0,2013/11/03 00:02
4.9,2013/10/30 12:57
4.2,2013/10/27 17:17
3.9,2013/10/26 22:23
4.7,2013/10/17 00:15
4.0,2013/10/16 06:20
5.0,2013/10/09 00:43
3.4,2013/09/24 20:33
4.8,2013/09/17 16:32
3.6,2013/09/16 11:01
4.4,2013/09/10 23:58
3.9,2013/09/08 17:46
4.5,2013/09/07 21:12
4.6,2013/09/07 12:21
4.5,2013/08/25 03:51
4.2,2013/08/15 22:26
4.0,2013/08/14 00:40
4.0,2013/08/13 23:32
4.3,2013/08/07 12:34
4.1,2013/08/06 23:44
,2013/08/06 19:51
3.1,2013/08/06 18:03
4.5,2013/08/05 15:50
4.3,2013/08/03 21:42
4.2,2013/08/03 04:02
4.0,2013/08/03 02:02
4.0,2013/07/25 18:45
3.2,2013/07/20 17:25
4.0,2013/07/18 16:54
4.0,2013/06/30 17:22
4.2,2013/06/30 11:26
4.0,2013/06/28 23:32
4.3,2013/06/25 17:21
4.1,2013/06/20 16:47
4.0,2013/06/19 07:17
4.5,2013/06/19 06:54
3.5,2013/06/17 20:28
5.0,2013/06/15 23:45
3.8,2013/06/11 05:35
4.0,2013/06/07 13:13
4.3,2013/06/04 20:25
3.5,2013/06/04 05:15
3.8,2013/05/27 18:54
,2013/05/24 11:50
4.3,2013/05/23 18:53
4.7,2013/05/19 23:53
4.7,2013/05/18 14:36
4.5,2013/05/11 17:56
5.0,2013/05/11 00:08
5.0,2013/05/06 15:23
4.2,2013/05/06 10:01
4.0,2013/05/05 17:54
3.5,2013/05/05 01:36
4.3,2013/05/04 12:17
4.0,2013/04/29 22:02
4.5,2013/04/29 10:40
4.1,2013/04/29 10:08
3.6,2013/04/24 21:58
5.0,2013/04/22 00:55
3.7,2013/04/16 00:04
4.1,2013/04/15 23:32
4.0,2013/04/14 22:11
5.0,2013/04/07 15:22
4.7,2013/03/31 00:06
4.5,2013/03/26 02:36
4.5,2013/03/16 15:10
4.4,2013/03/08 21:14
4.2,2013/03/02 19:18
3.9,2013/01/30 02:02
4.5,2012/12/28 20:26
4.1,2012/12/15 15:32
4.0,2012/12/09 22:09
4.0,2012/11/09 10:27
3.6,2012/09/08 23:46
